"LAN202010120","ATL",1,0,0,0,0,0,0,"acunr001","R","buehw001","R","","","","4/P4D","T","F",8,1,2,"T","T",0,"F","F",1,0,"F","F",0,0,0,0,0
"LAN202010120","ATL",1,0,1,1,2,0,0,"freef001","L","buehw001","R","","","","HR/F9D","F","F",3,2,23,"T","T",4,"F","F",0,1,"F","F",0,4,0,0,0
"LAN202010120","ATL",1,0,1,0,2,1,0,"ozunm001","R","buehw001","R","","","","53/G5D+","F","F",10,3,2,"T","T",0,"F","F",1,0,"F","F",0,0,0,0,0
"LAN202010120","ATL",1,0,2,3,2,1,0,"darnt001","R","buehw001","R","","","","W","F","F",2,4,14,"T","F",0,"F","F",0,0,"F","F",0,1,0,0,0
"LAN202010120","ATL",1,0,2,0,2,1,0,"albio001","L","buehw001","R","darnt001","","","53/G4","F","F",4,5,2,"T","T",0,"F","F",1,0,"F","F",0,0,1,0,0
"LAN202010120","ATL",1,1,0,1,2,1,0,"bettm001","R","friem001","L","","","","K","T","F",9,1,3,"T","T",0,"F","F",1,0,"F","F",0,0,0,0,0
"LAN202010120","ATL",1,1,1,2,2,1,0,"seagc001","L","friem001","L","","","","K","F","F",6,2,3,"T","T",0,"F","F",1,0,"F","F",0,0,0,0,0
"LAN202010120","ATL",1,1,2,3,2,1,0,"turnj001","R","friem001","L","","","","S8/G4+","F","F",5,3,20,"T","T",1,"F","F",0,0,"F","F",0,1,0,0,0
"LAN202010120","ATL",1,1,2,3,2,1,0,"muncm001","L","friem001","L","turnj001","","","W.1-2","F","F",3,4,14,"T","F",0,"F","F",0,0,"F","F",0,1,2,0,0
"LAN202010120","ATL",1,1,2,0,2,1,0,"smitw003","R","friem001","L","muncm001","turnj001","","K","F","F",2,5,3,"T","T",0,"F","F",1,0,"F","F",0,0,1,2,0
"LAN202010120","ATL",2,0,0,1,2,1,0,"swand001","R","buehw001","R","","","","K","T","F",6,6,3,"T","T",0,"F","F",1,0,"F","F",0,0,0,0,0
"LAN202010120","ATL",2,0,1,3,2,1,0,"pachc001","R","buehw001","R","","","","W","F","T",11,7,14,"T","F",0,"F","F",0,0,"F","F",0,1,0,0,0
"LAN202010120","ATL",2,0,1,0,2,1,0,"markn001","L","buehw001","R","pachc001","","","K","F","F",9,8,3,"T","T",0,"F","F",1,0,"F","F",0,0,1,0,0
"LAN202010120","ATL",2,0,2,1,0,1,0,"rilea001","R","buehw001","R","pachc001","","","WP.1-2","F","F",5,9,9,"F","F",0,"F","F",0,0,"T","F",0,0,2,0,0
"LAN202010120","ATL",2,0,2,2,2,1,0,"rilea001","R","buehw001","R","","pachc001","","K","F","F",5,9,3,"T","T",0,"F","F",1,0,"F","F",0,0,0,2,0
"LAN202010120","ATL",2,1,0,1,1,1,0,"bellc002","L","friem001","L","","","","43/G9S+","T","F",8,6,2,"T","T",0,"F","F",1,0,"F","F",0,0,0,0,0
"LAN202010120","ATL",2,1,1,2,0,1,0,"polla001","R","friem001","L","","","","S8/G4M+","F","F",10,7,20,"T","T",1,"F","F",0,0,"F","F",0,1,0,0,0
"LAN202010120","ATL",2,1,1,0,2,1,0,"herne001","R","friem001","L","polla001","","","K","F","F",4,8,3,"T","T",0,"F","F",1,0,"F","F",0,0,1,0,0
"LAN202010120","ATL",2,1,2,3,0,1,0,"taylc001","R","friem001","L","polla001","","","W.1-2","F","F",7,9,14,"T","F",0,"F","F",0,0,"F","F",0,1,2,0,0
"LAN202010120","ATL",2,1,2,0,1,1,0,"bettm001","R","friem001","L","taylc001","polla001","","8/F8XD","F","F",9,1,2,"T","T",0,"F","F",1,0,"F","F",0,0,1,2,0
"LAN202010120","ATL",3,0,0,1,2,1,0,"acunr001","R","buehw001","R","","","","K","T","F",9,1,3,"T","T",0,"F","F",1,0,"F","F",0,0,0,0,0
"LAN202010120","ATL",3,0,1,3,2,1,0,"freef001","L","buehw001","R","","","","W","F","F",3,2,14,"T","F",0,"F","F",0,0,"F","F",0,1,0,0,0
"LAN202010120","ATL",3,0,1,1,2,1,0,"ozunm001","R","buehw001","R","freef001","","","3/G3.1-2","F","F",10,3,2,"T","T",0,"F","F",1,0,"F","F",0,0,2,0,0
"LAN202010120","ATL",3,0,2,1,1,1,0,"darnt001","R","buehw001","R","","freef001","","9/F89S","F","F",2,4,2,"T","T",0,"F","F",1,0,"F","F",0,0,0,2,0
"LAN202010120","ATL",3,1,0,1,2,1,0,"seagc001","L","friem001","L","","","","K","T","F",6,2,3,"T","T",0,"F","F",1,0,"F","F",0,0,0,0,0
"LAN202010120","ATL",3,1,1,1,1,1,0,"turnj001","R","friem001","L","","","","43/G4","F","F",5,3,2,"T","T",0,"F","F",1,0,"F","F",0,0,0,0,0
"LAN202010120","ATL",3,1,2,2,2,1,0,"muncm001","L","friem001","L","","","","K","F","F",3,4,3,"T","T",0,"F","F",1,0,"F","F",0,0,0,0,0
"LAN202010120","ATL",4,0,0,3,2,1,0,"albio001","L","buehw001","R","","","","K","T","F",4,5,3,"T","T",0,"F","F",1,0,"F","F",0,0,0,0,0
"LAN202010120","ATL",4,0,1,3,2,1,0,"swand001","R","buehw001","R","","","","W","F","F",6,6,14,"T","F",0,"F","F",0,0,"F","F",0,1,0,0,0
"LAN202010120","ATL",4,0,1,2,1,1,0,"pachc001","R","buehw001","R","swand001","","","SB2","F","F",8,7,4,"F","F",0,"F","F",0,0,"F","F",0,0,2,0,0
"LAN202010120","ATL",4,0,1,3,2,1,0,"pachc001","R","buehw001","R","","swand001","","W","F","F",8,7,14,"T","F",0,"F","F",0,0,"F","F",0,1,0,2,0
"LAN202010120","ATL",4,0,1,1,2,1,0,"markn001","L","buehw001","R","pachc001","swand001","","K","F","F",7,8,3,"T","T",0,"F","F",1,0,"F","F",0,0,1,2,0
"LAN202010120","ATL",4,0,2,1,0,1,0,"rilea001","R","buehw001","R","pachc001","swand001","","8/F8D","F","F",5,9,2,"T","T",0,"F","F",1,0,"F","F",0,0,1,2,0
"LAN202010120","ATL",4,1,0,0,0,1,0,"smitw003","R","friem001","L","","","","9/F9LD","T","F",2,5,2,"T","T",0,"F","F",1,0,"F","F",0,0,0,0,0
"LAN202010120","ATL",4,1,1,1,2,1,0,"bellc002","L","friem001","L","","","","K","F","F",8,6,3,"T","T",0,"F","F",1,0,"F","F",0,0,0,0,0
"LAN202010120","ATL",4,1,2,2,0,1,0,"polla001","R","friem001","L","","","","8/L8D","F","F",10,7,2,"T","T",0,"F","F",1,0,"F","F",0,0,0,0,0
"LAN202010120","ATL",5,0,0,3,2,1,0,"acunr001","R","buehw001","R","","","","K","T","F",9,1,3,"T","T",0,"F","F",1,0,"F","F",0,0,0,0,0
"LAN202010120","ATL",5,0,1,0,1,1,0,"freef001","L","buehw001","R","","","","63/G4","F","F",3,2,2,"T","T",0,"F","F",1,0,"F","F",0,0,0,0,0
"LAN202010120","ATL",5,0,2,0,1,1,0,"ozunm001","R","buehw001","R","","","","5/L56","F","F",10,3,2,"T","T",0,"F","F",1,0,"F","F",0,0,0,0,0
"LAN202010120","ATL",5,1,0,0,2,1,0,"herne001","R","friem001","L","","","","HR/F7LD","T","F",4,8,23,"T","T",4,"F","F",0,1,"F","F",0,4,0,0,0
"LAN202010120","ATL",5,1,0,0,1,1,1,"taylc001","R","friem001","L","","","","63/G6D","F","F",7,9,2,"T","T",0,"F","F",1,0,"F","F",0,0,0,0,0
"LAN202010120","ATL",5,1,1,2,1,1,1,"bettm001","R","friem001","L","","","","43/G4MD","F","F",9,1,2,"T","T",0,"F","F",1,0,"F","F",0,0,0,0,0
"LAN202010120","ATL",5,1,2,0,1,1,1,"seagc001","L","friem001","L","","","","S56/G56+","F","F",6,2,20,"T","T",1,"F","F",0,0,"F","F",0,1,0,0,0
"LAN202010120","ATL",5,1,2,0,0,1,1,"turnj001","R","friem001","L","seagc001","","","64(1)/FO/G6MD.B-1","F","F",5,3,2,"T","T",0,"F","F",1,0,"F","F",0,1,0,0,0
"LAN202010120","ATL",6,0,0,1,1,1,1,"darnt001","R","buehw001","R","","","","S9/L9LD+","T","F",2,4,20,"T","T",1,"F","F",0,0,"F","F",0,1,0,0,0
"LAN202010120","ATL",6,0,0,0,2,1,1,"albio001","L","buehw001","R","darnt001","","","S7/L78.1-2","F","F",4,5,20,"T","T",1,"F","F",0,0,"F","F",0,1,2,0,0
"LAN202010120","ATL",6,0,0,0,0,1,1,"swand001","R","gratb002","R","albio001","darnt001","","4/P3D","F","F",6,6,2,"T","T",0,"F","F",1,0,"F","F",0,0,1,2,0
"LAN202010120","ATL",6,0,1,0,2,1,1,"pachc001","R","gratb002","R","albio001","darnt001","","K","F","F",8,7,3,"T","T",0,"F","F",1,0,"F","F",0,0,1,2,0
"LAN202010120","ATL",6,0,2,1,0,1,1,"markn001","L","gratb002","R","albio001","darnt001","","13/G4MS+","F","F",7,8,2,"T","T",0,"F","F",1,0,"F","F",0,0,1,2,0
"LAN202010120","ATL",6,1,0,3,2,1,1,"muncm001","L","friem001","L","","","","K","T","F",3,4,3,"T","T",0,"F","F",1,0,"F","F",0,0,0,0,0
"LAN202010120","ATL",6,1,1,1,2,1,1,"smitw003","R","friem001","L","","","","K","F","F",2,5,3,"T","T",0,"F","F",1,0,"F","F",0,0,0,0,0
"LAN202010120","ATL",6,1,2,2,2,1,1,"bellc002","L","friem001","L","","","","6/P6M","F","F",8,6,2,"T","T",0,"F","F",1,0,"F","F",0,0,0,0,0
"LAN202010120","ATL",7,0,0,1,2,1,1,"rilea001","R","may-d003","R","","","","K","T","F",5,9,3,"T","T",0,"F","F",1,0,"F","F",0,0,0,0,0
"LAN202010120","ATL",7,0,1,0,0,1,1,"acunr001","R","may-d003","R","","","","9/F89XD+","F","F",9,1,2,"T","T",0,"F","F",1,0,"F","F",0,0,0,0,0
"LAN202010120","ATL",7,0,2,0,1,1,1,"freef001","L","may-d003","R","","","","63/G6D","F","F",3,2,2,"T","T",0,"F","F",1,0,"F","F",0,0,0,0,0
"LAN202010120","ATL",7,1,0,0,0,1,1,"polla001","R","martc007","R","","","","8/F78XD","T","F",10,7,2,"T","T",0,"F","F",1,0,"F","F",0,0,0,0,0
"LAN202010120","ATL",7,1,1,2,2,1,1,"herne001","R","martc007","R","","","","7/F78XD","F","F",4,8,2,"T","T",0,"F","F",1,0,"F","F",0,0,0,0,0
"LAN202010120","ATL",7,1,2,1,2,1,1,"taylc001","R","martc007","R","","","","K","F","F",7,9,3,"T","T",0,"F","F",1,0,"F","F",0,0,0,0,0
"LAN202010120","ATL",8,0,0,1,2,1,1,"ozunm001","R","may-d003","R","","","","D8/L8XD+","T","F",10,3,21,"T","T",2,"F","F",0,0,"F","F",0,2,0,0,0
"LAN202010120","ATL",8,0,0,0,1,1,1,"darnt001","R","may-d003","R","","ozunm001","","53/G56+","F","F",2,4,2,"T","T",0,"F","F",1,0,"F","F",0,0,0,2,0
"LAN202010120","ATL",8,0,1,3,2,1,1,"albio001","L","may-d003","R","","ozunm001","","K","F","F",4,5,3,"T","T",0,"F","F",1,0,"F","F",0,0,0,2,0
"LAN202010120","ATL",8,0,2,3,0,1,1,"swand001","R","may-d003","R","","ozunm001","","IW","F","F",6,6,15,"T","F",0,"F","F",0,0,"F","F",0,1,0,2,0
"LAN202010120","ATL",8,0,2,1,0,1,1,"sandp001","L","may-d003","R","swand001","ozunm001","","HP.2-3;1-2","F","T",11,7,16,"T","F",0,"F","F",0,0,"F","F",0,1,2,3,0
"LAN202010120","ATL",8,0,2,0,2,1,1,"culbc001","R","gonzv001","L","sandp001","swand001","ozunm001","K","F","T",11,8,3,"T","T",0,"F","F",1,0,"F","F",0,0,1,2,3
"LAN202010120","ATL",8,1,0,1,2,1,1,"bettm001","R","smitw002","L","","","","9/F9","T","F",9,1,2,"T","T",0,"F","F",1,0,"F","F",0,0,0,0,0
"LAN202010120","ATL",8,1,1,0,0,1,1,"seagc001","L","smitw002","L","","","","43/G34","F","F",6,2,2,"T","T",0,"F","F",1,0,"F","F",0,0,0,0,0
"LAN202010120","ATL",8,1,2,3,2,1,1,"turnj001","R","smitw002","L","","","","K","F","F",5,3,3,"T","T",0,"F","F",1,0,"F","F",0,0,0,0,0
"LAN202010120","ATL",9,0,0,1,2,1,1,"rilea001","R","treib001","R","","","","HR/L8XD","T","F",7,9,23,"T","T",4,"F","F",0,1,"F","F",0,4,0,0,0
"LAN202010120","ATL",9,0,0,2,2,2,1,"acunr001","R","treib001","R","","","","D6/G5+","F","F",8,1,21,"T","T",2,"F","F",0,0,"F","F",0,2,0,0,0
"LAN202010120","ATL",9,0,0,0,1,2,1,"freef001","L","treib001","R","","acunr001","","8/F8XD+.2-3","F","F",3,2,2,"T","T",0,"F","F",1,0,"F","F",0,0,0,3,0
"LAN202010120","ATL",9,0,1,3,2,2,1,"ozunm001","R","treib001","R","","","acunr001","S9/L9.3-H","F","F",10,3,20,"T","T",1,"F","F",0,1,"F","F",0,1,0,0,4
"LAN202010120","ATL",9,0,1,0,2,3,1,"darnt001","R","mcgej001","L","ozunm001","","","6/P6MD","F","F",2,4,2,"T","T",0,"F","F",1,0,"F","F",0,0,1,0,0
"LAN202010120","ATL",9,0,2,0,2,3,1,"albio001","R","mcgej001","L","ozunm001","","","HR/F78XD.1-H","F","F",4,5,23,"T","T",4,"F","F",0,2,"F","F",0,4,4,0,0
"LAN202010120","ATL",9,0,2,2,2,5,1,"swand001","R","mcgej001","L","","","","K","F","F",6,6,3,"T","T",0,"F","F",1,0,"F","F",0,0,0,0,0
"LAN202010120","ATL",9,1,0,0,1,5,1,"muncm001","L","melam001","R","","","","63/G6MD+","T","F",3,4,2,"T","T",0,"F","F",1,0,"F","F",0,0,0,0,0
"LAN202010120","ATL",9,1,1,1,1,5,1,"smitw003","R","melam001","R","","","","53/G5","F","F",2,5,2,"T","T",0,"F","F",1,0,"F","F",0,0,0,0,0
"LAN202010120","ATL",9,1,2,0,2,5,1,"bellc002","L","melam001","R","","","","63/G4M","F","F",8,6,2,"T","T",0,"F","F",1,0,"F","F",0,0,0,0,0
"LAN202010130","ATL",1,0,0,0,2,0,0,"acunr001","R","gonst001","R","","","","K","T","F",9,1,3,"T","T",0,"F","F",1,0,"F","F",0,0,0,0,0
"LAN202010130","ATL",1,0,1,1,2,0,0,"freef001","L","gonst001","R","","","","K","F","F",3,2,3,"T","T",0,"F","F",1,0,"F","F",0,0,0,0,0
"LAN202010130","ATL",1,0,2,0,2,0,0,"ozunm001","R","gonst001","R","","","","43/G6MD","F","F",10,3,2,"T","T",0,"F","F",1,0,"F","F",0,0,0,0,0
"LAN202010130","ATL",1,1,0,3,2,0,0,"bettm001","R","andei001","R","","","","W","T","F",9,1,14,"T","F",0,"F","F",0,0,"F","F",0,1,0,0,0
"LAN202010130","ATL",1,1,0,0,0,0,0,"seagc001","L","andei001","R","bettm001","","","WP.1-2","F","F",6,2,9,"F","F",0,"F","F",0,0,"T","F",0,0,2,0,0
"LAN202010130","ATL",1,1,0,2,2,0,0,"seagc001","L","andei001","R","","bettm001","","K","F","F",6,2,3,"T","T",0,"F","F",1,0,"F","F",0,0,0,2,0
"LAN202010130","ATL",1,1,1,1,1,0,0,"turnj001","R","andei001","R","","bettm001","","8/F89S","F","F",5,3,2,"T","T",0,"F","F",1,0,"F","F",0,0,0,2,0
"LAN202010130","ATL",1,1,2,3,2,0,0,"muncm001","L","andei001","R","","bettm001","","W","F","F",3,4,14,"T","F",0,"F","F",0,0,"F","F",0,1,0,2,0
"LAN202010130","ATL",1,1,2,1,1,0,0,"smitw003","R","andei001","R","muncm001","bettm001","","53/G5D+","F","F",2,5,2,"T","T",0,"F","F",1,0,"F","F",0,0,1,2,0
"LAN202010130","ATL",2,0,0,2,2,0,0,"darnt001","R","gonst001","R","","","","K","T","F",2,4,3,"T","T",0,"F","F",1,0,"F","F",0,0,0,0,0
"LAN202010130","ATL",2,0,1,0,1,0,0,"albio001","L","gonst001","R","","","","7/L78D","F","F",4,5,2,"T","T",0,"F","F",1,0,"F","F",0,0,0,0,0
"LAN202010130","ATL",2,0,2,2,0,0,0,"swand001","R","gonst001","R","","","","4/P8S","F","F",6,6,2,"T","T",0,"F","F",1,0,"F","F",0,0,0,0,0
"LAN202010130","ATL",2,1,0,1,2,0,0,"bellc002","L","andei001","R","","","","K","T","F",8,6,3,"T","T",0,"F","F",1,0,"F","F",0,0,0,0,0
"LAN202010130","ATL",2,1,1,2,2,0,0,"polla001","R","andei001","R","","","","7/F7L","F","F",7,7,2,"T","T",0,"F","F",1,0,"F","F",0,0,0,0,0
"LAN202010130","ATL",2,1,2,1,2,0,0,"pedej001","L","andei001","R","","","","9/F9+","F","F",10,8,2,"T","T",0,"F","F",1,0,"F","F",0,0,0,0,0
"LAN202010130","ATL",3,0,0,2,1,0,0,"rilea001","R","gonst001","R","","","","8/F8XD+","T","F",5,7,2,"T","T",0,"F","F",1,0,"F","F",0,0,0,0,0
"LAN202010130","ATL",3,0,1,0,2,0,0,"markn001","L","gonst001","R","","","","K","F","F",7,8,3,"T","T",0,"F","F",1,0,"F","F",0,0,0,0,0
"LAN202010130","ATL",3,0,2,0,0,0,0,"pachc001","R","gonst001","R","","","","53/G56","F","F",8,9,2,"T","T",0,"F","F",1,0,"F","F",0,0,0,0,0
"LAN202010130","ATL",3,1,0,2,2,0,0,"taylc001","R","andei001","R","","","","8/F8XD+","T","F",4,9,2,"T","T",0,"F","F",1,0,"F","F",0,0,0,0,0
"LAN202010130","ATL",3,1,1,3,2,0,0,"bettm001","R","andei001","R","","","","W","F","F",9,1,14,"T","F",0,"F","F",0,0,"F","F",0,1,0,0,0
"LAN202010130","ATL",3,1,1,1,2,0,0,"seagc001","L","andei001","R","bettm001","","","K","F","F",6,2,3,"T","T",0,"F","F",1,0,"F","F",0,0,1,0,0
"LAN202010130","ATL",3,1,2,0,1,0,0,"turnj001","R","andei001","R","bettm001","","","S8/L89.1-3","F","F",5,3,20,"T","T",1,"F","F",0,0,"F","F",0,1,3,0,0
"LAN202010130","ATL",3,1,2,3,0,0,0,"muncm001","L","andei001","R","turnj001","","bettm001","W.1-2","F","F",3,4,14,"T","F",0,"F","F",0,0,"F","F",0,1,2,0,3
"LAN202010130","ATL",3,1,2,1,1,0,0,"smitw003","R","andei001","R","muncm001","turnj001","bettm001","5(2)/FO/G5.B-1","F","F",2,5,2,"T","T",0,"F","F",1,0,"F","F",0,1,1,0,3
"LAN202010130","ATL",4,0,0,3,1,0,0,"acunr001","R","gonst001","R","","","","W","T","F",9,1,14,"T","F",0,"F","F",0,0,"F","F",0,1,0,0,0
"LAN202010130","ATL",4,0,0,3,2,0,0,"freef001","L","gonst001","R","acunr001","","","HR/L9LD.1-H","F","F",3,2,23,"T","T",4,"F","F",0,2,"F","F",0,4,4,0,0
"LAN202010130","ATL",4,0,0,0,2,2,0,"ozunm001","R","gonst001","R","","","","K","F","F",10,3,3,"T","T",0,"F","F",1,0,"F","F",0,0,0,0,0
"LAN202010130","ATL",4,0,1,2,2,2,0,"darnt001","R","gonst001","R","","","","K","F","F",2,4,3,"T","T",0,"F","F",1,0,"F","F",0,0,0,0,0
"LAN202010130","ATL",4,0,2,2,2,2,0,"albio001","L","gonst001","R","","","","S9/L9","F","F",4,5,20,"T","T",1,"F","F",0,0,"F","F",0,1,0,0,0
"LAN202010130","ATL",4,0,2,3,2,2,0,"swand001","R","gonst001","R","albio001","","","53/G56S","F","F",6,6,2,"T","T",0,"F","F",1,0,"F","F",0,0,1,0,0
"LAN202010130","ATL",4,1,0,2,1,2,0,"bellc002","L","andei001","R","","","","9/F9D","T","F",8,6,2,"T","T",0,"F","F",1,0,"F","F",0,0,0,0,0
"LAN202010130","ATL",4,1,1,1,2,2,0,"polla001","R","andei001","R","","","","K","F","F",7,7,3,"T","T",0,"F","F",1,0,"F","F",0,0,0,0,0
"LAN202010130","ATL",4,1,2,3,2,2,0,"pedej001","L","andei001","R","","","","W","F","F",10,8,14,"T","F",0,"F","F",0,0,"F","F",0,1,0,0,0
"LAN202010130","ATL",4,1,2,2,2,2,0,"taylc001","R","andei001","R","pedej001","","","K","F","F",4,9,3,"T","T",0,"F","F",1,0,"F","F",0,0,1,0,0
"LAN202010130","ATL",5,0,0,3,2,2,0,"rilea001","R","gonst001","R","","","","K","T","F",5,7,3,"T","T",0,"F","F",1,0,"F","F",0,0,0,0,0
"LAN202010130","ATL",5,0,1,3,2,2,0,"markn001","L","gonst001","R","","","","W","F","F",7,8,14,"T","F",0,"F","F",0,0,"F","F",0,1,0,0,0
"LAN202010130","ATL",5,0,1,3,2,2,0,"pachc001","R","gonst001","R","markn001","","","D7/G5+.1-H","F","F",8,9,21,"T","T",2,"F","F",0,1,"F","F",0,2,4,0,0
"LAN202010130","ATL",5,0,1,3,1,3,0,"acunr001","R","gonst001","R","","pachc001","","W","F","F",9,1,14,"T","F",0,"F","F",0,0,"F","F",0,1,0,2,0
"LAN202010130","ATL",5,0,1,1,1,3,0,"freef001","L","baezp001","R","acunr001","pachc001","","S8/G6+.2-H;1-3","F","F",3,2,20,"T","T",1,"F","F",0,1,"F","F",0,1,3,4,0
"LAN202010130","ATL",5,0,1,3,2,4,0,"ozunm001","R","baezp001","R","freef001","","acunr001","W.1-2","F","F",10,3,14,"T","F",0,"F","F",0,0,"F","F",0,1,2,0,3
"LAN202010130","ATL",5,0,1,3,2,4,0,"darnt001","R","baezp001","R","ozunm001","freef001","acunr001","W.3-H;2-3;1-2","F","F",2,4,14,"T","F",0,"F","F",0,1,"F","F",0,1,2,3,4
"LAN202010130","ATL",5,0,1,3,2,5,0,"albio001","L","baezp001","R","darnt001","ozunm001","freef001","8/SF/L8XD+.3-H;2-3","F","F",4,5,2,"T","F",0,"F","T",1,1,"F","F",0,0,1,3,4
"LAN202010130","ATL",5,0,2,2,2,6,0,"swand001","R","flord002","R","darnt001","","ozunm001","K","F","F",6,6,3,"T","T",0,"F","F",1,0,"F","F",0,0,1,0,3
"LAN202010130","ATL",5,1,0,0,1,6,0,"bettm001","R","matzt001","L","","","","8/F89","T","F",9,1,2,"T","T",0,"F","F",1,0,"F","F",0,0,0,0,0
"LAN202010130","ATL",5,1,1,3,2,6,0,"seagc001","L","matzt001","L","","","","W","F","F",6,2,14,"T","F",0,"F","F",0,0,"F","F",0,1,0,0,0
"LAN202010130","ATL",5,1,1,2,2,6,0,"turnj001","R","matzt001","L","seagc001","","","54(1)3/GDP/G56","F","F",5,3,2,"T","T",0,"F","F",2,0,"F","F",0,0,0,0,0
"LAN202010130","ATL",6,0,0,2,2,6,0,"rilea001","R","flord002","R","","","","4/P4M","T","F",5,7,2,"T","T",0,"F","F",1,0,"F","F",0,0,0,0,0
"LAN202010130","ATL",6,0,1,2,2,6,0,"markn001","L","flord002","R","","","","D7/L7LD","F","F",7,8,21,"T","T",2,"F","F",0,0,"F","F",0,2,0,0,0
"LAN202010130","ATL",6,0,1,0,2,6,0,"pachc001","R","mcgej001","L","","markn001","","K","F","F",8,9,3,"T","T",0,"F","F",1,0,"F","F",0,0,0,2,0
"LAN202010130","ATL",6,0,2,2,2,6,0,"acunr001","R","mcgej001","L","","markn001","","K","F","F",9,1,3,"T","T",0,"F","F",1,0,"F","F",0,0,0,2,0
"LAN202010130","ATL",6,1,0,3,1,6,0,"muncm001","L","matzt001","L","","","","43/G34","T","F",3,4,2,"T","T",0,"F","F",1,0,"F","F",0,0,0,0,0
"LAN202010130","ATL",6,1,1,0,1,6,0,"smitw003","R","matzt001","L","","","","S7/L78XD","F","F",2,5,20,"T","T",1,"F","F",0,0,"F","F",0,1,0,0,0
"LAN202010130","ATL",6,1,1,1,2,6,0,"bellc002","L","matzt001","L","smitw003","","","K","F","F",8,6,3,"T","T",0,"F","F",1,0,"F","F",0,0,1,0,0
"LAN202010130","ATL",6,1,2,1,2,6,0,"polla001","R","matzt001","L","smitw003","","","8/L89D","F","F",7,7,2,"T","T",0,"F","F",1,0,"F","F",0,0,1,0,0
"LAN202010130","ATL",7,0,0,3,2,6,0,"freef001","L","wooda002","L","","","","3/G3","T","F",3,2,2,"T","T",0,"F","F",1,0,"F","F",0,0,0,0,0
"LAN202010130","ATL",7,0,1,1,1,6,0,"ozunm001","R","wooda002","L","","","","6/P78S","F","F",10,3,2,"T","T",0,"F","F",1,0,"F","F",0,0,0,0,0
"LAN202010130","ATL",7,0,2,3,1,6,0,"darnt001","R","wooda002","L","","","","W","F","F",2,4,14,"T","F",0,"F","F",0,0,"F","F",0,1,0,0,0
"LAN202010130","ATL",7,0,2,2,2,6,0,"albio001","R","wooda002","L","darnt001","","","S6/G6M.1-2","F","F",4,5,20,"T","T",1,"F","F",0,0,"F","F",0,1,2,0,0
"LAN202010130","ATL",7,0,2,1,0,6,0,"swand001","R","wooda002","L","albio001","darnt001","","DGR/F9LD.2-H;1-3","F","F",6,6,21,"T","T",2,"F","F",0,1,"F","F",0,2,3,4,0
"LAN202010130","ATL",7,0,2,3,0,7,0,"rilea001","R","wooda002","L","","swand001","albio001","IW","F","F",5,7,15,"T","F",0,"F","F",0,0,"F","F",0,1,0,2,3
"LAN202010130","ATL",7,0,2,2,2,7,0,"markn001","L","wooda002","L","rilea001","swand001","albio001","9/F9D","F","F",7,8,2,"T","T",0,"F","F",1,0,"F","F",0,0,1,2,3
"LAN202010130","ATL",7,1,0,3,2,7,0,"pedej001","L","odayd001","R","","","","S4/G4+","T","F",10,8,20,"T","T",1,"F","F",0,0,"F","F",0,1,0,0,0
"LAN202010130","ATL",7,1,0,2,2,7,0,"taylc001","R","odayd001","R","pedej001","","","S7/L7.1-2","F","F",4,9,20,"T","T",1,"F","F",0,0,"F","F",0,1,2,0,0
"LAN202010130","ATL",7,1,0,1,2,7,0,"bettm001","R","odayd001","R","taylc001","pedej001","","K","F","F",9,1,3,"T","T",0,"F","F",1,0,"F","F",0,0,1,2,0
"LAN202010130","ATL",7,1,1,2,1,7,0,"seagc001","L","minta001","L","taylc001","pedej001","","HR/F78XD.2-H;1-H","F","F",6,2,23,"T","T",4,"F","F",0,3,"F","F",0,4,4,4,0
"LAN202010130","ATL",7,1,1,0,0,7,3,"turnj001","R","minta001","L","","","","9/F9S","F","F",5,3,2,"T","T",0,"F","F",1,0,"F","F",0,0,0,0,0
"LAN202010130","ATL",7,1,2,2,2,7,3,"muncm001","L","minta001","L","","","","K","F","F",3,4,3,"T","T",0,"F","F",1,0,"F","F",0,0,0,0,0
"LAN202010130","ATL",8,0,0,1,1,7,3,"pachc001","R","wooda002","L","","","","3/P3SF/FL","T","F",8,9,2,"T","T",0,"F","F",1,0,"F","F",0,0,0,0,0
"LAN202010130","ATL",8,0,1,2,2,7,3,"acunr001","R","wooda002","L","","","","K","F","F",9,1,3,"T","T",0,"F","F",1,0,"F","F",0,0,0,0,0
"LAN202010130","ATL",8,0,2,1,0,7,3,"freef001","L","wooda002","L","","","","HP","F","F",3,2,16,"T","F",0,"F","F",0,0,"F","F",0,1,0,0,0
"LAN202010130","ATL",8,0,2,1,2,7,3,"ozunm001","R","kellj001","R","freef001","","","7/F7","F","F",10,3,2,"T","T",0,"F","F",1,0,"F","F",0,0,1,0,0
"LAN202010130","ATL",8,1,0,0,2,7,3,"smitw003","R","martc007","R","","","","K","T","F",2,5,3,"T","T",0,"F","F",1,0,"F","F",0,0,0,0,0
"LAN202010130","ATL",8,1,1,2,0,7,3,"bellc002","L","martc007","R","","","","6/P6D","F","F",8,6,2,"T","T",0,"F","F",1,0,"F","F",0,0,0,0,0
"LAN202010130","ATL",8,1,2,0,1,7,3,"polla001","R","martc007","R","","","","S9/L9L","F","F",7,7,20,"T","T",1,"F","F",0,0,"F","F",0,1,0,0,0
"LAN202010130","ATL",8,1,2,0,0,7,3,"pedej001","L","martc007","R","polla001","","","8/F89XD+","F","F",10,8,2,"T","T",0,"F","F",1,0,"F","F",0,0,1,0,0
"LAN202010130","ATL",9,0,0,1,2,7,3,"darnt001","R","kolaa001","L","","","","K","T","F",2,4,3,"T","T",0,"F","F",1,0,"F","F",0,0,0,0,0
"LAN202010130","ATL",9,0,1,2,1,7,3,"albio001","R","kolaa001","L","","","","HR/F78XD","F","F",4,5,23,"T","T",4,"F","F",0,1,"F","F",0,4,0,0,0
"LAN202010130","ATL",9,0,1,1,2,8,3,"swand001","R","kolaa001","L","","","","S8/L89D","F","F",6,6,20,"T","T",1,"F","F",0,0,"F","F",0,1,0,0,0
"LAN202010130","ATL",9,0,1,2,2,8,3,"rilea001","R","kolaa001","L","swand001","","","8/F8XD+","F","F",5,7,2,"T","T",0,"F","F",1,0,"F","F",0,0,1,0,0
"LAN202010130","ATL",9,0,2,1,2,8,3,"markn001","L","kolaa001","L","swand001","","","S7/L78.1-2","F","F",7,8,20,"T","T",1,"F","F",0,0,"F","F",0,1,2,0,0
"LAN202010130","ATL",9,0,2,2,2,8,3,"pachc001","R","kolaa001","L","markn001","swand001","","53/G56","F","F",8,9,2,"T","T",0,"F","F",1,0,"F","F",0,0,1,2,0
"LAN202010130","ATL",9,1,0,3,2,8,3,"taylc001","R","tomlj001","R","","","","K","T","F",4,9,3,"T","T",0,"F","F",1,0,"F","F",0,0,0,0,0
"LAN202010130","ATL",9,1,1,1,2,8,3,"bettm001","R","tomlj001","R","","","","S7/L7S","F","F",9,1,20,"T","T",1,"F","F",0,0,"F","F",0,1,0,0,0
"LAN202010130","ATL",9,1,1,0,1,8,3,"seagc001","L","tomlj001","R","bettm001","","","D9/G3.1-H","F","F",6,2,21,"T","T",2,"F","F",0,1,"F","F",0,2,4,0,0
"LAN202010130","ATL",9,1,1,2,2,8,4,"turnj001","R","tomlj001","R","","seagc001","","K","F","F",5,3,3,"T","T",0,"F","F",1,0,"F","F",0,0,0,2,0
"LAN202010130","ATL",9,1,2,2,0,8,4,"muncm001","L","tomlj001","R","","seagc001","","HR/F9LD.2-H","F","F",3,4,23,"T","T",4,"F","F",0,2,"F","F",0,4,0,4,0
"LAN202010130","ATL",9,1,2,0,2,8,6,"smitw003","R","melam001","R","","","","E4/G4MD.B-1","F","F",2,5,18,"T","T",0,"F","F",0,0,"F","F",1,1,0,0,0
"LAN202010130","ATL",9,1,2,0,1,8,6,"bellc002","L","melam001","R","smitw003","","","T9/L9D+.1-H(UR)","F","F",8,6,22,"T","T",3,"F","F",0,1,"F","F",0,3,5,0,0
"LAN202010130","ATL",9,1,2,0,1,8,7,"polla001","R","melam001","R","","","bellc002","53/G56+","F","F",7,7,2,"T","T",0,"F","F",1,0,"F","F",0,0,0,0,3
"ATL202010140","LAN",1,0,0,0,0,0,0,"bettm001","R","wrigk001","R","","","","S5/G5","T","F",9,1,20,"T","T",1,"F","F",0,0,"F","F",0,1,0,0,0
"ATL202010140","LAN",1,0,0,0,0,0,0,"seagc001","L","wrigk001","R","bettm001","","","D7/L78XD+.1-H","F","F",6,2,21,"T","T",2,"F","F",0,1,"F","F",0,2,4,0,0
"ATL202010140","LAN",1,0,0,2,0,1,0,"turnj001","R","wrigk001","R","","seagc001","","53/G56","F","F",10,3,2,"T","T",0,"F","F",1,0,"F","F",0,0,0,2,0
"ATL202010140","LAN",1,0,1,1,0,1,0,"muncm001","L","wrigk001","R","","seagc001","","43/G34.2-3","F","F",3,4,2,"T","T",0,"F","F",1,0,"F","F",0,0,0,3,0
"ATL202010140","LAN",1,0,2,3,1,1,0,"smitw003","R","wrigk001","R","","","seagc001","D8/L8XD+.3-H","F","F",2,5,21,"T","T",2,"F","F",0,1,"F","F",0,2,0,0,4
"ATL202010140","LAN",1,0,2,3,1,2,0,"bellc002","L","wrigk001","R","","smitw003","","W","F","F",8,6,14,"T","F",0,"F","F",0,0,"F","F",0,1,0,2,0
"ATL202010140","LAN",1,0,2,2,1,2,0,"pedej001","L","wrigk001","R","bellc002","smitw003","","HR/F78XD.2-H;1-H","F","F",7,7,23,"T","T",4,"F","F",0,3,"F","F",0,4,4,4,0
"ATL202010140","LAN",1,0,2,0,0,5,0,"riose001","L","wrigk001","R","","","","HR/F8XD","F","F",5,8,23,"T","T",4,"F","F",0,1,"F","F",0,4,0,0,0
"ATL202010140","LAN",1,0,2,3,2,6,0,"taylc001","R","wrigk001","R","","","","W","F","F",4,9,14,"T","F",0,"F","F",0,0,"F","F",0,1,0,0,0
"ATL202010140","LAN",1,0,2,3,1,6,0,"bettm001","R","daytg001","L","taylc001","","","W.1-2","F","F",9,1,14,"T","F",0,"F","F",0,0,"F","F",0,1,2,0,0
"ATL202010140","LAN",1,0,2,0,0,6,0,"seagc001","L","daytg001","L","bettm001","taylc001","","S8/L8D.2-H;1-3","F","F",6,2,20,"T","T",1,"F","F",0,1,"F","F",0,1,3,4,0
"ATL202010140","LAN",1,0,2,0,0,7,0,"turnj001","R","daytg001","L","seagc001","","bettm001","HP.1-2","F","F",10,3,16,"T","F",0,"F","F",0,0,"F","F",0,1,2,0,3
"ATL202010140","LAN",1,0,2,3,2,7,0,"muncm001","L","daytg001","L","turnj001","seagc001","bettm001","HR/F9D.3-H;2-H;1-H","F","F",3,4,23,"T","T",4,"F","F",0,4,"F","F",0,4,4,4,4
"ATL202010140","LAN",1,0,2,1,2,11,0,"smitw003","R","daytg001","L","","","","K","F","F",2,5,3,"T","T",0,"F","F",1,0,"F","F",0,0,0,0,0
"ATL202010140","LAN",1,1,0,3,2,11,0,"acunr001","R","uriaj001","L","","","","W","T","F",9,1,14,"T","F",0,"F","F",0,0,"F","F",0,1,0,0,0
"ATL202010140","LAN",1,1,0,3,2,11,0,"freef001","L","uriaj001","L","acunr001","","","W.1-2","F","F",3,2,14,"T","F",0,"F","F",0,0,"F","F",0,1,2,0,0
"ATL202010140","LAN",1,1,0,1,2,11,0,"ozunm001","R","uriaj001","L","freef001","acunr001","","K","F","F",10,3,3,"T","T",0,"F","F",1,0,"F","F",0,0,1,2,0
"ATL202010140","LAN",1,1,1,2,2,11,0,"darnt001","R","uriaj001","L","freef001","acunr001","","3/L34","F","F",2,4,2,"T","T",0,"F","F",1,0,"F","F",0,0,1,2,0
"ATL202010140","LAN",1,1,2,0,1,11,0,"albio001","R","uriaj001","L","freef001","acunr001","","8/F8XD+","F","F",4,5,2,"T","T",0,"F","F",1,0,"F","F",0,0,1,2,0
"ATL202010140","LAN",2,0,0,3,0,11,0,"bellc002","L","daytg001","L","","","","HR/F9D","T","F",8,6,23,"T","T",4,"F","F",0,1,"F","F",0,4,0,0,0
"ATL202010140","LAN",2,0,0,2,2,12,0,"pedej001","L","daytg001","L","","","","43/G4D+","F","F",7,7,2,"T","T",0,"F","F",1,0,"F","F",0,0,0,0,0
"ATL202010140","LAN",2,0,1,3,2,12,0,"riose001","L","daytg001","L","","","","K","F","F",5,8,3,"T","T",0,"F","F",1,0,"F","F",0,0,0,0,0
"ATL202010140","LAN",2,0,2,0,1,12,0,"taylc001","R","daytg001","L","","","","9/F9D","F","F",4,9,2,"T","T",0,"F","F",1,0,"F","F",0,0,0,0,0
"ATL202010140","LAN",2,1,0,2,2,12,0,"swand001","R","uriaj001","L","","","","63/G56","T","F",6,6,2,"T","T",0,"F","F",1,0,"F","F",0,0,0,0,0
"ATL202010140","LAN",2,1,1,1,2,12,0,"rilea001","R","uriaj001","L","","","","63/G6S","F","F",7,7,2,"T","T",0,"F","F",1,0,"F","F",0,0,0,0,0
"ATL202010140","LAN",2,1,2,3,2,12,0,"camaj001","R","uriaj001","L","","","","K","F","F",5,8,3,"T","T",0,"F","F",1,0,"F","F",0,0,0,0,0
"ATL202010140","LAN",3,0,0,0,1,12,0,"bettm001","R","daytg001","L","","","","3/P3DF/FL","T","F",9,1,2,"T","T",0,"F","F",1,0,"F","F",0,0,0,0,0
"ATL202010140","LAN",3,0,1,0,1,12,0,"seagc001","L","daytg001","L","","","","HR/F89XD","F","F",6,2,23,"T","T",4,"F","F",0,1,"F","F",0,4,0,0,0
"ATL202010140","LAN",3,0,1,2,0,13,0,"turnj001","R","daytg001","L","","","","S7/L7D+","F","F",10,3,20,"T","T",1,"F","F",0,0,"F","F",0,1,0,0,0
"ATL202010140","LAN",3,0,1,2,2,13,0,"muncm001","L","daytg001","L","turnj001","","","D7/F7D.1-3","F","F",3,4,21,"T","T",2,"F","F",0,0,"F","F",0,2,3,0,0
"ATL202010140","LAN",3,0,1,3,2,13,0,"smitw003","R","daytg001","L","","muncm001","turnj001","63/G6M.3-H;2-3","F","F",2,5,2,"T","T",0,"F","F",1,1,"F","F",0,0,0,3,4
"ATL202010140","LAN",3,0,2,2,2,14,0,"bellc002","L","daytg001","L","","","muncm001","S8/G4M.3-H","F","F",8,6,20,"T","T",1,"F","F",0,1,"F","F",0,1,0,0,4
"ATL202010140","LAN",3,0,2,0,2,15,0,"pedej001","L","daytg001","L","bellc002","","","S8/G4M+.1-2","F","F",7,7,20,"T","T",1,"F","F",0,0,"F","F",0,1,2,0,0
"ATL202010140","LAN",3,0,2,3,2,15,0,"riose001","L","ynoah001","R","pedej001","bellc002","","K","F","F",5,8,3,"T","T",0,"F","F",1,0,"F","F",0,0,1,2,0
"ATL202010140","LAN",3,1,0,1,0,15,0,"pachc001","R","uriaj001","L","","","","HR/F7LD","T","F",8,9,23,"T","T",4,"F","F",0,1,"F","F",0,4,0,0,0
"ATL202010140","LAN",3,1,0,1,2,15,1,"acunr001","R","uriaj001","L","","","","53/G5","F","F",9,1,2,"T","T",0,"F","F",1,0,"F","F",0,0,0,0,0
"ATL202010140","LAN",3,1,1,2,1,15,1,"freef001","L","uriaj001","L","","","","S8/L8XD+","F","F",3,2,20,"T","T",1,"F","F",0,0,"F","F",0,1,0,0,0
"ATL202010140","LAN",3,1,1,1,2,15,1,"ozunm001","R","uriaj001","L","freef001","","","K","F","F",10,3,3,"T","T",0,"F","F",1,0,"F","F",0,0,1,0,0
"ATL202010140","LAN",3,1,2,2,2,15,1,"flowt001","R","uriaj001","L","freef001","","","53/G5D","F","T",11,4,2,"T","T",0,"F","F",1,0,"F","F",0,0,1,0,0
"ATL202010140","LAN",4,0,0,0,2,15,1,"taylc001","R","ynoah001","R","","","","K","T","F",4,9,3,"T","T",0,"F","F",1,0,"F","F",0,0,0,0,0
"ATL202010140","LAN",4,0,1,2,2,15,1,"bettm001","R","ynoah001","R","","","","3/G3+","F","F",9,1,2,"T","T",0,"F","F",1,0,"F","F",0,0,0,0,0
"ATL202010140","LAN",4,0,2,2,1,15,1,"seagc001","L","ynoah001","R","","","","8/F78XD","F","F",6,2,2,"T","T",0,"F","F",1,0,"F","F",0,0,0,0,0
"ATL202010140","LAN",4,1,0,2,2,15,1,"albio001","R","uriaj001","L","","","","53/G56","T","F",4,5,2,"T","T",0,"F","F",1,0,"F","F",0,0,0,0,0
"ATL202010140","LAN",4,1,1,1,2,15,1,"swand001","R","uriaj001","L","","","","K","F","F",6,6,3,"T","T",0,"F","F",1,0,"F","F",0,0,0,0,0
"ATL202010140","LAN",4,1,2,1,2,15,1,"rilea001","R","uriaj001","L","","","","8/F8XD","F","F",7,7,2,"T","T",0,"F","F",1,0,"F","F",0,0,0,0,0
"ATL202010140","LAN",5,0,0,1,2,15,1,"turnj001","R","ynoah001","R","","","","3/P4MS","T","F",10,3,2,"T","T",0,"F","F",1,0,"F","F",0,0,0,0,0
"ATL202010140","LAN",5,0,1,3,2,15,1,"muncm001","L","ynoah001","R","","","","W","F","F",3,4,14,"T","F",0,"F","F",0,0,"F","F",0,1,0,0,0
"ATL202010140","LAN",5,0,1,0,2,15,1,"smitw003","R","ynoah001","R","muncm001","","","K","F","F",2,5,3,"T","T",0,"F","F",1,0,"F","F",0,0,1,0,0
"ATL202010140","LAN",5,0,2,3,2,15,1,"bellc002","L","ynoah001","R","muncm001","","","K","F","F",8,6,3,"T","T",0,"F","F",1,0,"F","F",0,0,1,0,0
"ATL202010140","LAN",5,1,0,2,2,15,1,"camaj001","R","uriaj001","L","","","","6/P6","T","F",5,8,2,"T","T",0,"F","F",1,0,"F","F",0,0,0,0,0
"ATL202010140","LAN",5,1,1,0,1,15,1,"pachc001","R","uriaj001","L","","","","13/G6MS","F","F",8,9,2,"T","T",0,"F","F",1,0,"F","F",0,0,0,0,0
"ATL202010140","LAN",5,1,2,1,2,15,1,"culbc001","R","uriaj001","L","","","","S6/G6M","F","T",11,1,20,"T","T",1,"F","F",0,0,"F","F",0,1,0,0,0
"ATL202010140","LAN",5,1,2,3,2,15,1,"sandp001","R","uriaj001","L","culbc001","","","K","F","F",3,2,3,"T","T",0,"F","F",1,0,"F","F",0,0,1,0,0
"ATL202010140","LAN",6,0,0,1,0,15,1,"pedej001","L","ynoah001","R","","","","5/P7LSF/FL","T","F",9,7,2,"T","T",0,"F","F",1,0,"F","F",0,0,0,0,0
"ATL202010140","LAN",6,0,1,3,2,15,1,"riose001","L","ynoah001","R","","","","W","F","F",5,8,14,"T","F",0,"F","F",0,0,"F","F",0,1,0,0,0
"ATL202010140","LAN",6,0,1,3,2,15,1,"taylc001","R","ynoah001","R","riose001","","","46(1)/FO/G4.B-1","F","F",4,9,2,"T","T",0,"F","F",1,0,"F","F",0,1,0,0,0
"ATL202010140","LAN",6,0,2,3,2,15,1,"herne001","R","ynoah001","R","taylc001","","","W.1-2","F","F",6,1,14,"T","F",0,"F","F",0,0,"F","F",0,1,2,0,0
"ATL202010140","LAN",6,0,2,1,1,15,1,"beatm001","L","ynoah001","R","herne001","taylc001","","HP.2-3;1-2","F","F",7,2,16,"T","F",0,"F","F",0,0,"F","F",0,1,2,3,0
"ATL202010140","LAN",6,0,2,2,2,15,1,"barna001","R","ynoah001","R","beatm001","herne001","taylc001","53/G5","F","T",10,3,2,"T","T",0,"F","F",1,0,"F","F",0,0,1,2,3
"ATL202010140","LAN",6,1,0,2,2,15,1,"ozunm001","R","jansk001","R","","","","8/F8XD+","T","F",10,3,2,"T","T",0,"F","F",1,0,"F","F",0,0,0,0,0
"ATL202010140","LAN",6,1,1,0,0,15,1,"flowt001","R","jansk001","R","","","","5/P56","F","F",2,4,2,"T","T",0,"F","F",1,0,"F","F",0,0,0,0,0
"ATL202010140","LAN",6,1,2,1,2,15,1,"albio001","L","jansk001","R","","","","3/L3","F","F",4,5,2,"T","T",0,"F","F",1,0,"F","F",0,0,0,0,0
"ATL202010140","LAN",7,0,0,0,2,15,1,"muncm001","L","ynoah001","R","","","","3/G3","T","F",3,4,2,"T","T",0,"F","F",1,0,"F","F",0,0,0,0,0
"ATL202010140","LAN",7,0,1,1,1,15,1,"smitw003","R","ynoah001","R","","","","53/G56","F","F",2,5,2,"T","T",0,"F","F",1,0,"F","F",0,0,0,0,0
"ATL202010140","LAN",7,0,2,3,2,15,1,"bellc002","L","ynoah001","R","","","","W","F","F",8,6,14,"T","F",0,"F","F",0,0,"F","F",0,1,0,0,0
"ATL202010140","LAN",7,0,2,3,2,15,1,"pedej001","L","ynoah001","R","bellc002","","","S9/L9LD+.1-3","F","F",9,7,20,"T","T",1,"F","F",0,0,"F","F",0,1,3,0,0
"ATL202010140","LAN",7,0,2,3,2,15,1,"riose001","L","webbj002","R","pedej001","","bellc002","31/G3D","F","F",5,8,2,"T","T",0,"F","F",1,0,"F","F",0,0,1,0,3
"ATL202010140","LAN",7,1,0,0,1,15,1,"swand001","R","baezp001","R","","","","9/F9L","T","F",6,6,2,"T","T",0,"F","F",1,0,"F","F",0,0,0,0,0
"ATL202010140","LAN",7,1,1,2,2,15,1,"rilea001","R","baezp001","R","","","","K","F","F",7,7,3,"T","T",0,"F","F",1,0,"F","F",0,0,0,0,0
"ATL202010140","LAN",7,1,2,2,2,15,1,"camaj001","L","baezp001","R","","","","K","F","F",5,8,3,"T","T",0,"F","F",1,0,"F","F",0,0,0,0,0
"ATL202010140","LAN",8,0,0,3,2,15,1,"taylc001","R","webbj002","R","","","","K","T","F",4,9,3,"T","T",0,"F","F",1,0,"F","F",0,0,0,0,0
"ATL202010140","LAN",8,0,1,1,0,15,1,"herne001","R","webbj002","R","","","","S7/G6","F","F",6,1,20,"T","T",1,"F","F",0,0,"F","F",0,1,0,0,0
"ATL202010140","LAN",8,0,1,1,1,15,1,"beatm001","L","webbj002","R","herne001","","","HP.1-2","F","F",7,2,16,"T","F",0,"F","F",0,0,"F","F",0,1,2,0,0
"ATL202010140","LAN",8,0,1,0,2,15,1,"barna001","R","webbj002","R","beatm001","herne001","","K","F","F",10,3,3,"T","T",0,"F","F",1,0,"F","F",0,0,1,2,0
"ATL202010140","LAN",8,0,2,3,2,15,1,"muncm001","L","webbj002","R","beatm001","herne001","","W.2-3;1-2","F","F",3,4,14,"T","F",0,"F","F",0,0,"F","F",0,1,2,3,0
"ATL202010140","LAN",8,0,2,2,2,15,1,"smitw003","R","grees005","R","muncm001","beatm001","herne001","K","F","F",2,5,3,"T","T",0,"F","F",1,0,"F","F",0,0,1,2,3
"ATL202010140","LAN",8,1,0,0,1,15,1,"pachc001","R","wooda002","L","","","","6/L6D","T","F",8,9,2,"T","T",0,"F","F",1,0,"F","F",0,0,0,0,0
"ATL202010140","LAN",8,1,1,3,2,15,1,"culbc001","R","wooda002","L","","","","S48/G4M","F","F",9,1,20,"T","T",1,"F","F",0,0,"F","F",0,1,0,0,0
"ATL202010140","LAN",8,1,1,3,2,15,1,"sandp001","R","wooda002","L","culbc001","","","K","F","F",3,2,3,"T","T",0,"F","F",1,0,"F","F",0,0,1,0,0
"ATL202010140","LAN",8,1,2,3,2,15,1,"ozunm001","R","wooda002","L","culbc001","","","K","F","F",10,3,3,"T","T",0,"F","F",1,0,"F","F",0,0,1,0,0
"ATL202010140","LAN",9,0,0,1,2,15,1,"bellc002","L","grees005","R","","","","K","T","F",8,6,3,"T","T",0,"F","F",1,0,"F","F",0,0,0,0,0
"ATL202010140","LAN",9,0,1,1,2,15,1,"pedej001","L","grees005","R","","","","S6/G6","F","F",9,7,20,"T","T",1,"F","F",0,0,"F","F",0,1,0,0,0
"ATL202010140","LAN",9,0,1,0,2,15,1,"riose001","L","grees005","R","pedej001","","","K","F","F",5,8,3,"T","T",0,"F","F",1,0,"F","F",0,0,1,0,0
"ATL202010140","LAN",9,0,2,3,2,15,1,"taylc001","R","grees005","R","pedej001","","","K","F","F",4,9,3,"T","T",0,"F","F",1,0,"F","F",0,0,1,0,0
"ATL202010140","LAN",9,1,0,0,0,15,1,"flowt001","R","kolaa001","L","","","","S8/L8XD+","T","F",2,4,20,"T","T",1,"F","F",0,0,"F","F",0,1,0,0,0
"ATL202010140","LAN",9,1,0,0,2,15,1,"albio001","R","kolaa001","L","flowt001","","","D7/L78XD.1-3","F","F",4,5,21,"T","T",2,"F","F",0,0,"F","F",0,2,3,0,0
"ATL202010140","LAN",9,1,0,0,2,15,1,"swand001","R","kolaa001","L","","albio001","flowt001","K","F","F",6,6,3,"T","T",0,"F","F",1,0,"F","F",0,0,0,2,3
"ATL202010140","LAN",9,1,1,1,1,15,1,"rilea001","R","kolaa001","L","","albio001","flowt001","43/G4D+.3-H;2-3","F","F",7,7,2,"T","T",0,"F","F",1,1,"F","F",0,0,0,3,4
"ATL202010140","LAN",9,1,2,2,0,15,2,"camaj001","R","kolaa001","L","","","albio001","D8/L89XD+.3-H","F","F",5,8,21,"T","T",2,"F","F",0,1,"F","F",0,2,0,0,4
"ATL202010140","LAN",9,1,2,2,1,15,3,"pachc001","R","kolaa001","L","","camaj001","","31/G34","F","F",8,9,2,"T","T",0,"F","F",1,0,"F","F",0,0,0,2,0
"ATL202010150","LAN",1,0,0,1,0,0,0,"bettm001","R","wilsb003","R","","","","8/F78XD+","T","F",9,1,2,"T","T",0,"F","F",1,0,"F","F",0,0,0,0,0
"ATL202010150","LAN",1,0,1,0,1,0,0,"seagc001","L","wilsb003","R","","","","13/G4S","F","F",6,2,2,"T","T",0,"F","F",1,0,"F","F",0,0,0,0,0
"ATL202010150","LAN",1,0,2,1,2,0,0,"turnj001","R","wilsb003","R","","","","K","F","F",5,3,3,"T","T",0,"F","F",1,0,"F","F",0,0,0,0,0
"ATL202010150","LAN",1,1,0,0,0,0,0,"acunr001","R","kersc001","L","","","","S7/L7D","T","F",9,1,20,"T","T",1,"F","F",0,0,"F","F",0,1,0,0,0
"ATL202010150","LAN",1,1,0,2,2,0,0,"freef001","L","kersc001","L","acunr001","","","K","F","F",3,2,3,"T","T",0,"F","F",1,0,"F","F",0,0,1,0,0
"ATL202010150","LAN",1,1,1,1,2,0,0,"ozunm001","R","kersc001","L","acunr001","","","54(1)3/GDP/G56+","F","F",10,3,2,"T","T",0,"F","F",2,0,"F","F",0,0,0,0,0
"ATL202010150","LAN",2,0,0,1,2,0,0,"muncm001","L","wilsb003","R","","","","K","T","F",3,4,3,"T","T",0,"F","F",1,0,"F","F",0,0,0,0,0
"ATL202010150","LAN",2,0,1,1,0,0,0,"pedej001","L","wilsb003","R","","","","8/F89XD+","F","F",7,5,2,"T","T",0,"F","F",1,0,"F","F",0,0,0,0,0
"ATL202010150","LAN",2,0,2,1,1,0,0,"bellc002","L","wilsb003","R","","","","6/P6MD","F","F",8,6,2,"T","T",0,"F","F",1,0,"F","F",0,0,0,0,0
"ATL202010150","LAN",2,1,0,3,2,0,0,"darnt001","R","kersc001","L","","","","53/G56S","T","F",2,4,2,"T","T",0,"F","F",1,0,"F","F",0,0,0,0,0
"ATL202010150","LAN",2,1,1,1,2,0,0,"albio001","R","kersc001","L","","","","S56/G6","F","F",4,5,20,"T","T",1,"F","F",0,0,"F","F",0,1,0,0,0
"ATL202010150","LAN",2,1,1,2,2,0,0,"swand001","R","kersc001","L","albio001","","","K","F","F",6,6,3,"T","T",0,"F","F",1,0,"F","F",0,0,1,0,0
"ATL202010150","LAN",2,1,2,3,2,0,0,"rilea001","R","kersc001","L","albio001","","","3/P3S","F","F",7,7,2,"T","T",0,"F","F",1,0,"F","F",0,0,1,0,0
"ATL202010150","LAN",3,0,0,1,1,0,0,"riose001","L","wilsb003","R","","","","HR/F9D","T","F",10,7,23,"T","T",4,"F","F",0,1,"F","F",0,4,0,0,0
"ATL202010150","LAN",3,0,0,1,2,1,0,"herne001","R","wilsb003","R","","","","63/G6M","F","F",4,8,2,"T","T",0,"F","F",1,0,"F","F",0,0,0,0,0
"ATL202010150","LAN",3,0,1,2,1,1,0,"barna001","R","wilsb003","R","","","","63/G6","F","F",2,9,2,"T","T",0,"F","F",1,0,"F","F",0,0,0,0,0
"ATL202010150","LAN",3,0,2,0,0,1,0,"bettm001","R","wilsb003","R","","","","4/P34D","F","F",9,1,2,"T","T",0,"F","F",1,0,"F","F",0,0,0,0,0
"ATL202010150","LAN",3,1,0,1,0,1,0,"camaj001","R","kersc001","L","","","","S67/G6+","T","F",5,8,20,"T","T",1,"F","F",0,0,"F","F",0,1,0,0,0
"ATL202010150","LAN",3,1,0,3,2,1,0,"pachc001","R","kersc001","L","camaj001","","","K","F","F",8,9,3,"T","T",0,"F","F",1,0,"F","F",0,0,1,0,0
"ATL202010150","LAN",3,1,1,0,0,1,0,"acunr001","R","kersc001","L","camaj001","","","4(1)3/GDP/G4M","F","F",9,1,2,"T","T",0,"F","F",2,0,"F","F",0,0,0,0,0
"ATL202010150","LAN",4,0,0,3,2,1,0,"seagc001","L","wilsb003","R","","","","3/G34D","T","F",6,2,2,"T","T",0,"F","F",1,0,"F","F",0,0,0,0,0
"ATL202010150","LAN",4,0,1,1,1,1,0,"turnj001","R","wilsb003","R","","","","8/F89XD","F","F",5,3,2,"T","T",0,"F","F",1,0,"F","F",0,0,0,0,0
"ATL202010150","LAN",4,0,2,3,2,1,0,"muncm001","L","wilsb003","R","","","","W","F","F",3,4,14,"T","F",0,"F","F",0,0,"F","F",0,1,0,0,0
"ATL202010150","LAN",4,0,2,1,0,1,0,"pedej001","L","wilsb003","R","muncm001","","","8/F89XD+","F","F",7,5,2,"T","T",0,"F","F",1,0,"F","F",0,0,1,0,0
"ATL202010150","LAN",4,1,0,2,0,1,0,"freef001","L","kersc001","L","","","","6/L4MD+","T","F",3,2,2,"T","T",0,"F","F",1,0,"F","F",0,0,0,0,0
"ATL202010150","LAN",4,1,1,1,0,1,0,"ozunm001","R","kersc001","L","","","","HR/F78XD","F","F",10,3,23,"T","T",4,"F","F",0,1,"F","F",0,4,0,0,0
"ATL202010150","LAN",4,1,1,3,2,1,1,"darnt001","R","kersc001","L","","","","W","F","F",2,4,14,"T","F",0,"F","F",0,0,"F","F",0,1,0,0,0
"ATL202010150","LAN",4,1,1,1,2,1,1,"albio001","R","kersc001","L","darnt001","","","13/G56S.1-2","F","F",4,5,2,"T","T",0,"F","F",1,0,"F","F",0,0,2,0,0
"ATL202010150","LAN",4,1,2,0,0,1,1,"swand001","R","kersc001","L","","darnt001","","53/G5","F","F",6,6,2,"T","T",0,"F","F",1,0,"F","F",0,0,0,2,0
"ATL202010150","LAN",5,0,0,0,2,1,1,"bellc002","L","wilsb003","R","","","","K","T","F",8,6,3,"T","T",0,"F","F",1,0,"F","F",0,0,0,0,0
"ATL202010150","LAN",5,0,1,1,2,1,1,"riose001","L","wilsb003","R","","","","K","F","F",10,7,3,"T","T",0,"F","F",1,0,"F","F",0,0,0,0,0
"ATL202010150","LAN",5,0,2,2,2,1,1,"herne001","R","wilsb003","R","","","","K","F","F",4,8,3,"T","T",0,"F","F",1,0,"F","F",0,0,0,0,0
"ATL202010150","LAN",5,1,0,2,1,1,1,"rilea001","R","kersc001","L","","","","7/F78D","T","F",7,7,2,"T","T",0,"F","F",1,0,"F","F",0,0,0,0,0
"ATL202010150","LAN",5,1,1,2,2,1,1,"camaj001","R","kersc001","L","","","","63/G6D","F","F",5,8,2,"T","T",0,"F","F",1,0,"F","F",0,0,0,0,0
"ATL202010150","LAN",5,1,2,0,2,1,1,"pachc001","R","kersc001","L","","","","K","F","F",8,9,3,"T","T",0,"F","F",1,0,"F","F",0,0,0,0,0
"ATL202010150","LAN",6,0,0,2,2,1,1,"barna001","R","wilsb003","R","","","","63/G6D+","T","F",2,9,2,"T","T",0,"F","F",1,0,"F","F",0,0,0,0,0
"ATL202010150","LAN",6,0,1,0,2,1,1,"bettm001","R","wilsb003","R","","","","9/L9D","F","F",9,1,2,"T","T",0,"F","F",1,0,"F","F",0,0,0,0,0
"ATL202010150","LAN",6,0,2,1,1,1,1,"seagc001","L","wilsb003","R","","","","7/F7S","F","F",6,2,2,"T","T",0,"F","F",1,0,"F","F",0,0,0,0,0
"ATL202010150","LAN",6,1,0,3,2,1,1,"acunr001","R","kersc001","L","","","","S4/G6MS.B-2(E4/TH)","T","F",9,1,20,"T","T",1,"F","F",0,0,"F","F",1,2,0,0,0
"ATL202010150","LAN",6,1,0,1,2,1,1,"freef001","L","kersc001","L","","acunr001","","D9/G34+.2-H","F","F",3,2,21,"T","T",2,"F","F",0,1,"F","F",0,2,0,4,0
"ATL202010150","LAN",6,1,0,3,2,1,2,"ozunm001","R","kersc001","L","","freef001","","D8/L78XD+.2-H","F","F",10,3,21,"T","T",2,"F","F",0,1,"F","F",0,2,0,4,0
"ATL202010150","LAN",6,1,0,2,1,1,3,"darnt001","R","gratb002","R","","ozunm001","","9/L9D","F","F",2,4,2,"T","T",0,"F","F",1,0,"F","F",0,0,0,2,0
"ATL202010150","LAN",6,1,1,0,2,1,3,"albio001","L","gratb002","R","","ozunm001","","S9/L9LS.2-3","F","F",4,5,20,"T","T",1,"F","F",0,0,"F","F",0,1,0,3,0
"ATL202010150","LAN",6,1,1,1,1,1,3,"swand001","R","gratb002","R","albio001","","ozunm001","D7/G5.3-H;1-H","F","F",6,6,21,"T","T",2,"F","F",0,2,"F","F",0,2,4,0,4
"ATL202010150","LAN",6,1,1,2,1,1,5,"rilea001","R","gratb002","R","","swand001","","S8/G4M+.2-H","F","F",7,7,20,"T","T",1,"F","F",0,1,"F","F",0,1,0,4,0
"ATL202010150","LAN",6,1,1,3,2,1,6,"camaj001","R","gonzv001","L","rilea001","","","W.1-2","F","F",5,8,14,"T","F",0,"F","F",0,0,"F","F",0,1,2,0,0
"ATL202010150","LAN",6,1,1,3,2,1,6,"pachc001","R","gonzv001","L","camaj001","rilea001","","S8/G6M+.2-H;1-2","F","F",8,9,20,"T","T",1,"F","F",0,1,"F","F",0,1,2,4,0
"ATL202010150","LAN",6,1,1,0,2,1,7,"acunr001","R","gonzv001","L","pachc001","camaj001","","K","F","F",9,1,3,"T","T",0,"F","F",1,0,"F","F",0,0,1,2,0
"ATL202010150","LAN",6,1,2,3,2,1,7,"freef001","L","gonzv001","L","pachc001","camaj001","","43/G34D","F","F",3,2,2,"T","T",0,"F","F",1,0,"F","F",0,0,1,2,0
"ATL202010150","LAN",7,0,0,1,2,1,7,"turnj001","R","smitw002","L","","","","S8/L8D+","T","F",5,3,20,"T","T",1,"F","F",0,0,"F","F",0,1,0,0,0
"ATL202010150","LAN",7,0,0,3,0,1,7,"muncm001","L","smitw002","L","turnj001","","","W.1-2","F","F",3,4,14,"T","F",0,"F","F",0,0,"F","F",0,1,2,0,0
"ATL202010150","LAN",7,0,0,1,2,1,7,"polla001","R","smitw002","L","muncm001","turnj001","","9/F9D.2-3","F","T",11,5,2,"T","T",0,"F","F",1,0,"F","F",0,0,1,3,0
"ATL202010150","LAN",7,0,1,3,1,1,7,"bellc002","L","smitw002","L","muncm001","","turnj001","W.1-2","F","F",8,6,14,"T","F",0,"F","F",0,0,"F","F",0,1,2,0,3
"ATL202010150","LAN",7,0,1,1,2,1,7,"riose001","L","martc007","R","bellc002","muncm001","turnj001","8/SF/L8XD.3-H;2-3","F","F",10,7,2,"T","F",0,"F","T",1,1,"F","F",0,0,1,3,4
"ATL202010150","LAN",7,0,2,2,2,2,7,"beatm001","L","martc007","R","bellc002","","muncm001","SB2","F","T",11,8,4,"F","F",0,"F","F",0,0,"F","F",0,0,2,0,3
"ATL202010150","LAN",7,0,2,3,2,2,7,"beatm001","L","martc007","R","","bellc002","muncm001","W","F","T",11,8,14,"T","F",0,"F","F",0,0,"F","F",0,1,0,2,3
"ATL202010150","LAN",7,0,2,2,2,2,7,"smitw003","R","martc007","R","beatm001","bellc002","muncm001","4/L4","F","T",11,9,2,"T","T",0,"F","F",1,0,"F","F",0,0,1,2,3
"ATL202010150","LAN",7,1,0,1,1,2,7,"ozunm001","R","flord002","R","","","","HR/F8XD","T","F",10,3,23,"T","T",4,"F","F",0,1,"F","F",0,4,0,0,0
"ATL202010150","LAN",7,1,0,2,2,2,8,"darnt001","R","flord002","R","","","","K","F","F",2,4,3,"T","T",0,"F","F",1,0,"F","F",0,0,0,0,0
"ATL202010150","LAN",7,1,1,2,1,2,8,"albio001","L","flord002","R","","","","63/G4","F","F",4,5,2,"T","T",0,"F","F",1,0,"F","F",0,0,0,0,0
"ATL202010150","LAN",7,1,2,2,2,2,8,"swand001","R","flord002","R","","","","K","F","F",6,6,3,"T","T",0,"F","F",1,0,"F","F",0,0,0,0,0
"ATL202010150","LAN",8,0,0,2,2,2,8,"bettm001","R","matzt001","L","","","","K","T","F",9,1,3,"T","T",0,"F","F",1,0,"F","F",0,0,0,0,0
"ATL202010150","LAN",8,0,1,2,0,2,8,"seagc001","L","matzt001","L","","","","5/P6S","F","F",6,2,2,"T","T",0,"F","F",1,0,"F","F",0,0,0,0,0
"ATL202010150","LAN",8,0,2,2,1,2,8,"turnj001","R","matzt001","L","","","","D7/L7LD+","F","F",5,3,21,"T","T",2,"F","F",0,0,"F","F",0,2,0,0,0
"ATL202010150","LAN",8,0,2,2,2,2,8,"muncm001","L","matzt001","L","","turnj001","","K","F","F",4,4,3,"T","T",0,"F","F",1,0,"F","F",0,0,0,2,0
"ATL202010150","LAN",8,1,0,2,2,2,8,"rilea001","R","flord002","R","","","","K","T","F",5,7,3,"T","T",0,"F","F",1,0,"F","F",0,0,0,0,0
"ATL202010150","LAN",8,1,1,2,2,2,8,"markn001","L","flord002","R","","","","9/F9LD","F","F",7,8,2,"T","T",0,"F","F",1,0,"F","F",0,0,0,0,0
"ATL202010150","LAN",8,1,2,0,1,2,8,"pachc001","R","flord002","R","","","","6E3/G6S+.B-1","F","F",8,9,2,"T","T",0,"F","F",0,0,"F","F",1,1,0,0,0
"ATL202010150","LAN",8,1,2,3,1,2,8,"acunr001","R","flord002","R","pachc001","","","W.1-2","F","F",9,1,14,"T","F",0,"F","F",0,0,"F","F",0,1,2,0,0
"ATL202010150","LAN",8,1,2,3,2,2,8,"freef001","L","mcgej001","L","acunr001","pachc001","","S8/L8D.2-H(UR);1-3","F","F",3,2,20,"T","T",1,"F","F",0,1,"F","F",0,1,3,5,0
"ATL202010150","LAN",8,1,2,3,2,2,9,"ozunm001","R","mcgej001","L","freef001","","acunr001","S8/L8.3-H(UR);1-3","F","F",10,3,20,"T","T",1,"F","F",0,1,"F","F",0,1,3,0,5
"ATL202010150","LAN",8,1,2,0,2,2,10,"darnt001","R","mcgej001","L","ozunm001","","freef001","9/F3D","F","F",2,4,2,"T","T",0,"F","F",1,0,"F","F",0,0,1,0,3
"ATL202010150","LAN",9,0,0,1,2,2,10,"polla001","R","grees005","R","","","","2/P2F/FL","T","F",7,5,2,"T","T",0,"F","F",1,0,"F","F",0,0,0,0,0
"ATL202010150","LAN",9,0,1,2,1,2,10,"bellc002","L","grees005","R","","","","8/F8XD+","F","F",8,6,2,"T","T",0,"F","F",1,0,"F","F",0,0,0,0,0
"ATL202010150","LAN",9,0,2,1,2,2,10,"riose001","L","grees005","R","","","","3/G3","F","F",10,7,2,"T","T",0,"F","F",1,0,"F","F",0,0,0,0,0
"ATL202010160","LAN",1,0,0,0,0,0,0,"bettm001","R","minta001","L","","","","9/F9","T","F",9,1,2,"T","T",0,"F","F",1,0,"F","F",0,0,0,0,0
"ATL202010160","LAN",1,0,1,1,2,0,0,"seagc001","L","minta001","L","","","","K","F","F",6,2,3,"T","T",0,"F","F",1,0,"F","F",0,0,0,0,0
"ATL202010160","LAN",1,0,2,1,1,0,0,"turnj001","R","minta001","L","","","","D7/L7LD+","F","F",5,3,21,"T","T",2,"F","F",0,0,"F","F",0,2,0,0,0
"ATL202010160","LAN",1,0,2,3,2,0,0,"muncm001","L","minta001","L","","turnj001","","K","F","F",3,4,3,"T","T",0,"F","F",1,0,"F","F",0,0,0,2,0
"ATL202010160","LAN",1,1,0,3,2,0,0,"acunr001","R","may-d003","R","","","","63/G6D","T","F",9,1,2,"T","T",0,"F","F",1,0,"F","F",0,0,0,0,0
"ATL202010160","LAN",1,1,1,3,2,0,0,"freef001","L","may-d003","R","","","","D34/G3","F","F",3,2,21,"T","T",2,"F","F",0,0,"F","F",0,2,0,0,0
"ATL202010160","LAN",1,1,1,1,0,0,0,"ozunm001","R","may-d003","R","","freef001","","PB.2-3","F","F",10,3,10,"F","F",0,"F","F",0,0,"F","T",0,0,0,3,0
"ATL202010160","LAN",1,1,1,3,1,0,0,"ozunm001","R","may-d003","R","","","freef001","W","F","F",10,3,14,"T","F",0,"F","F",0,0,"F","F",0,1,0,0,3
"ATL202010160","LAN",1,1,1,1,1,0,0,"darnt001","R","may-d003","R","ozunm001","","freef001","9/SF/F9D+.3-H(UR)","F","F",2,4,2,"T","F",0,"F","T",1,1,"F","F",0,0,1,0,5
"ATL202010160","LAN",1,1,2,0,2,0,1,"albio001","L","may-d003","R","ozunm001","","","K","F","F",4,5,3,"T","T",0,"F","F",1,0,"F","F",0,0,1,0,0
"ATL202010160","LAN",2,0,0,0,1,0,1,"smitw003","R","minta001","L","","","","63/G6","T","F",2,5,2,"T","T",0,"F","F",1,0,"F","F",0,0,0,0,0
"ATL202010160","LAN",2,0,1,2,2,0,1,"bellc002","L","minta001","L","","","","K","F","F",8,6,3,"T","T",0,"F","F",1,0,"F","F",0,0,0,0,0
"ATL202010160","LAN",2,0,2,0,2,0,1,"polla001","R","minta001","L","","","","K","F","F",7,7,3,"T","T",0,"F","F",1,0,"F","F",0,0,0,0,0
"ATL202010160","LAN",2,1,0,3,2,0,1,"swand001","R","may-d003","R","","","","W","T","F",6,6,14,"T","F",0,"F","F",0,0,"F","F",0,1,0,0,0
"ATL202010160","LAN",2,1,0,1,2,0,1,"rilea001","R","may-d003","R","swand001","","","K","F","F",5,7,3,"T","T",0,"F","F",1,0,"F","F",0,0,1,0,0
"ATL202010160","LAN",2,1,1,2,2,0,1,"markn001","L","may-d003","R","swand001","","","S7/L78.1-3","F","F",7,8,20,"T","T",1,"F","F",0,0,"F","F",0,1,3,0,0
"ATL202010160","LAN",2,1,1,0,2,0,1,"pachc001","R","may-d003","R","markn001","","swand001","S8/L8.3-H;1-2","F","F",8,9,20,"T","T",1,"F","F",0,1,"F","F",0,1,2,0,4
"ATL202010160","LAN",2,1,1,3,2,0,2,"acunr001","R","may-d003","R","pachc001","markn001","","9/F9L","F","F",9,1,2,"T","T",0,"F","F",1,0,"F","F",0,0,1,2,0
"ATL202010160","LAN",2,1,2,2,2,0,2,"freef001","L","may-d003","R","pachc001","markn001","","K","F","F",3,2,3,"T","T",0,"F","F",1,0,"F","F",0,0,1,2,0
"ATL202010160","LAN",3,0,0,2,2,0,2,"pedej001","L","minta001","L","","","","K","T","F",10,8,3,"T","T",0,"F","F",1,0,"F","F",0,0,0,0,0
"ATL202010160","LAN",3,0,1,3,2,0,2,"taylc001","R","minta001","L","","","","K","F","F",4,9,3,"T","T",0,"F","F",1,0,"F","F",0,0,0,0,0
"ATL202010160","LAN",3,0,2,3,2,0,2,"bettm001","R","minta001","L","","","","K","F","F",9,1,3,"T","T",0,"F","F",1,0,"F","F",0,0,0,0,0
"ATL202010160","LAN",3,1,0,3,2,0,2,"ozunm001","R","kellj001","R","","","","S8/L8D","T","F",10,3,20,"T","T",1,"F","F",0,0,"F","F",0,1,0,0,0
"ATL202010160","LAN",3,1,0,3,2,0,2,"darnt001","R","kellj001","R","ozunm001","","","S8/L8XD+.1-2","F","F",2,4,20,"T","T",1,"F","F",0,0,"F","F",0,1,2,0,0
"ATL202010160","LAN",3,1,0,0,0,0,2,"albio001","L","kellj001","R","darnt001","ozunm001","","43/G34.2-3;1-2","F","F",4,5,2,"T","T",0,"F","F",1,0,"F","F",0,0,2,3,0
"ATL202010160","LAN",3,1,1,0,0,0,2,"swand001","R","kellj001","R","","darnt001","ozunm001","9/F89/DP.3X3(925)","F","F",6,6,2,"T","T",0,"F","F",2,0,"F","F",0,0,0,2,0
"ATL202010160","LAN",4,0,0,2,1,0,2,"seagc001","L","matzt001","L","","","","HR/F8XD","T","F",6,2,23,"T","T",4,"F","F",0,1,"F","F",0,4,0,0,0
"ATL202010160","LAN",4,0,0,0,2,1,2,"turnj001","R","matzt001","L","","","","7/F7D","F","F",5,3,2,"T","T",0,"F","F",1,0,"F","F",0,0,0,0,0
"ATL202010160","LAN",4,0,1,1,2,1,2,"muncm001","L","matzt001","L","","","","8/F89XD+","F","F",3,4,2,"T","T",0,"F","F",1,0,"F","F",0,0,0,0,0
"ATL202010160","LAN",4,0,2,2,2,1,2,"smitw003","R","matzt001","L","","","","K","F","F",2,5,3,"T","T",0,"F","F",1,0,"F","F",0,0,0,0,0
"ATL202010160","LAN",4,1,0,3,1,1,2,"rilea001","R","treib001","R","","","","4/P4D","T","F",5,7,2,"T","T",0,"F","F",1,0,"F","F",0,0,0,0,0
"ATL202010160","LAN",4,1,1,0,2,1,2,"markn001","L","treib001","R","","","","K","F","F",7,8,3,"T","T",0,"F","F",1,0,"F","F",0,0,0,0,0
"ATL202010160","LAN",4,1,2,2,2,1,2,"pachc001","R","treib001","R","","","","63/G56D","F","F",8,9,2,"T","T",0,"F","F",1,0,"F","F",0,0,0,0,0
"ATL202010160","LAN",5,0,0,2,2,1,2,"bellc002","L","matzt001","L","","","","K","T","F",8,6,3,"T","T",0,"F","F",1,0,"F","F",0,0,0,0,0
"ATL202010160","LAN",5,0,1,0,0,1,2,"polla001","R","grees005","R","","","","S8/L8D+","F","F",7,7,20,"T","T",1,"F","F",0,0,"F","F",0,1,0,0,0
"ATL202010160","LAN",5,0,1,1,1,1,2,"pedej001","L","grees005","R","polla001","","","46(1)/FO/G4+.B-1","F","F",10,8,2,"T","T",0,"F","F",1,0,"F","F",0,1,0,0,0
"ATL202010160","LAN",5,0,2,2,2,1,2,"taylc001","R","grees005","R","pedej001","","","64(1)/FO/G6D.B-1","F","F",4,9,2,"T","T",0,"F","F",1,0,"F","F",0,1,0,0,0
"ATL202010160","LAN",5,1,0,0,0,1,2,"acunr001","R","treib001","R","","","","63/G6","T","F",9,1,2,"T","T",0,"F","F",1,0,"F","F",0,0,0,0,0
"ATL202010160","LAN",5,1,1,0,2,1,2,"freef001","L","treib001","R","","","","7/L7D+","F","F",3,2,2,"T","T",0,"F","F",1,0,"F","F",0,0,0,0,0
"ATL202010160","LAN",5,1,2,0,0,1,2,"ozunm001","R","treib001","R","","","","8/F89XD","F","F",10,3,2,"T","T",0,"F","F",1,0,"F","F",0,0,0,0,0
"ATL202010160","LAN",6,0,0,1,0,1,2,"bettm001","R","grees005","R","","","","S5/G5","T","F",9,1,20,"T","T",1,"F","F",0,0,"F","F",0,1,0,0,0
"ATL202010160","LAN",6,0,0,2,2,1,2,"seagc001","L","grees005","R","bettm001","","","7/F78D","F","F",6,2,2,"T","T",0,"F","F",1,0,"F","F",0,0,1,0,0
"ATL202010160","LAN",6,0,1,0,1,1,2,"turnj001","R","grees005","R","bettm001","","","SB2","F","F",5,3,4,"F","F",0,"F","F",0,0,"F","F",0,0,2,0,0
"ATL202010160","LAN",6,0,1,1,2,1,2,"turnj001","R","grees005","R","","bettm001","","FC/G4MD.2X3(4561);B-2","F","F",5,3,19,"T","T",0,"F","F",1,0,"F","F",0,2,0,0,0
"ATL202010160","LAN",6,0,2,3,2,1,2,"muncm001","L","smitw002","L","","turnj001","","W","F","F",3,4,14,"T","F",0,"F","F",0,0,"F","F",0,1,0,2,0
"ATL202010160","LAN",6,0,2,3,2,1,2,"smitw003","R","smitw002","L","muncm001","turnj001","","HR/F7D.2-H;1-H","F","F",2,5,23,"T","T",4,"F","F",0,3,"F","F",0,4,4,4,0
"ATL202010160","LAN",6,0,2,3,2,4,2,"bellc002","L","smitw002","L","","","","3/P34","F","F",8,6,2,"T","T",0,"F","F",1,0,"F","F",0,0,0,0,0
"ATL202010160","LAN",6,1,0,1,2,4,2,"darnt001","R","baezp001","R","","","","K","T","F",2,4,3,"T","T",0,"F","F",1,0,"F","F",0,0,0,0,0
"ATL202010160","LAN",6,1,1,1,0,4,2,"albio001","L","baezp001","R","","","","7/F7L","F","F",4,5,2,"T","T",0,"F","F",1,0,"F","F",0,0,0,0,0
"ATL202010160","LAN",6,1,2,3,2,4,2,"swand001","R","baezp001","R","","","","K","F","F",6,6,3,"T","T",0,"F","F",1,0,"F","F",0,0,0,0,0
"ATL202010160","LAN",7,0,0,2,2,4,2,"polla001","R","webbj002","R","","","","K","T","F",7,7,3,"T","T",0,"F","F",1,0,"F","F",0,0,0,0,0
"ATL202010160","LAN",7,0,1,0,2,4,2,"pedej001","L","webbj002","R","","","","K","F","F",10,8,3,"T","T",0,"F","F",1,0,"F","F",0,0,0,0,0
"ATL202010160","LAN",7,0,2,2,2,4,2,"taylc001","R","webbj002","R","","","","D7/L7LD","F","F",4,9,21,"T","T",2,"F","F",0,0,"F","F",0,2,0,0,0
"ATL202010160","LAN",7,0,2,1,2,4,2,"bettm001","R","webbj002","R","","taylc001","","S7/G56+.2-H","F","F",9,1,20,"T","T",1,"F","F",0,1,"F","F",0,1,0,4,0
"ATL202010160","LAN",7,0,2,0,0,5,2,"seagc001","L","webbj002","R","bettm001","","","HR/F89XD.1-H","F","F",6,2,23,"T","T",4,"F","F",0,2,"F","F",0,4,4,0,0
"ATL202010160","LAN",7,0,2,2,2,7,2,"turnj001","R","webbj002","R","","","","K.BX1(23)","F","F",5,3,3,"T","T",0,"F","F",1,0,"F","F",0,0,0,0,0
"ATL202010160","LAN",7,1,0,1,0,7,2,"rilea001","R","baezp001","R","","","","S7/L7D","T","F",5,7,20,"T","T",1,"F","F",0,0,"F","F",0,1,0,0,0
"ATL202010160","LAN",7,1,0,3,2,7,2,"camaj001","R","gonzv001","L","rilea001","","","W.1-2","F","T",11,8,14,"T","F",0,"F","F",0,0,"F","F",0,1,2,0,0
"ATL202010160","LAN",7,1,0,3,2,7,2,"pachc001","R","gonzv001","L","camaj001","rilea001","","54(1)3/GDP/G56.2-3","F","F",8,9,2,"T","T",0,"F","F",2,0,"F","F",0,0,0,3,0
"ATL202010160","LAN",7,1,2,1,0,7,2,"acunr001","R","gonzv001","L","","","rilea001","9/F9","F","F",9,1,2,"T","T",0,"F","F",1,0,"F","F",0,0,0,0,3
"ATL202010160","LAN",8,0,0,3,1,7,2,"muncm001","L","tomlj001","R","","","","8/F8XD+","T","F",3,4,2,"T","T",0,"F","F",1,0,"F","F",0,0,0,0,0
"ATL202010160","LAN",8,0,1,2,1,7,2,"smitw003","R","tomlj001","R","","","","7/F78D","F","F",2,5,2,"T","T",0,"F","F",1,0,"F","F",0,0,0,0,0
"ATL202010160","LAN",8,0,2,1,2,7,2,"bellc002","L","tomlj001","R","","","","K","F","F",8,6,3,"T","T",0,"F","F",1,0,"F","F",0,0,0,0,0
"ATL202010160","LAN",8,1,0,0,1,7,2,"freef001","L","gonzv001","L","","","","D7/G5","T","F",3,2,21,"T","T",2,"F","F",0,0,"F","F",0,2,0,0,0
"ATL202010160","LAN",8,1,0,0,0,7,2,"ozunm001","R","gratb002","R","","freef001","","8/F89XD+.2-3","F","F",10,3,2,"T","T",0,"F","F",1,0,"F","F",0,0,0,3,0
"ATL202010160","LAN",8,1,1,2,2,7,2,"darnt001","R","gratb002","R","","","freef001","63/G6.3-H","F","F",2,4,2,"T","T",0,"F","F",1,1,"F","F",0,0,0,0,4
"ATL202010160","LAN",8,1,2,1,2,7,3,"albio001","L","gratb002","R","","","","K","F","F",4,5,3,"T","T",0,"F","F",1,0,"F","F",0,0,0,0,0
"ATL202010160","LAN",9,0,0,1,0,7,3,"herne001","R","tomlj001","R","","","","S7/G56","T","F",4,7,20,"T","T",1,"F","F",0,0,"F","F",0,1,0,0,0
"ATL202010160","LAN",9,0,0,1,2,7,3,"pedej001","L","tomlj001","R","herne001","","","64(1)3/GDP/G6M","F","F",10,8,2,"T","T",0,"F","F",2,0,"F","F",0,0,0,0,0
"ATL202010160","LAN",9,0,2,0,2,7,3,"riose001","L","tomlj001","R","","","","K","F","T",11,9,3,"T","T",0,"F","F",1,0,"F","F",0,0,0,0,0
"ATL202010160","LAN",9,1,0,1,2,7,3,"swand001","R","jansk001","R","","","","K","T","F",6,6,3,"T","T",0,"F","F",1,0,"F","F",0,0,0,0,0
"ATL202010160","LAN",9,1,1,0,2,7,3,"rilea001","R","jansk001","R","","","","K","F","F",7,7,3,"T","T",0,"F","F",1,0,"F","F",0,0,0,0,0
"ATL202010160","LAN",9,1,2,1,2,7,3,"camaj001","L","jansk001","R","","","","K","F","F",5,8,3,"T","T",0,"F","F",1,0,"F","F",0,0,0,0,0
"LAN202010170","ATL",1,0,0,0,1,0,0,"acunr001","R","buehw001","R","","","","9/F9","T","F",9,1,2,"T","T",0,"F","F",1,0,"F","F",0,0,0,0,0
"LAN202010170","ATL",1,0,1,1,2,0,0,"freef001","L","buehw001","R","","","","63/G6M","F","F",3,2,2,"T","T",0,"F","F",1,0,"F","F",0,0,0,0,0
"LAN202010170","ATL",1,0,2,0,1,0,0,"ozunm001","R","buehw001","R","","","","9/F9","F","F",10,3,2,"T","T",0,"F","F",1,0,"F","F",0,0,0,0,0
"LAN202010170","ATL",1,1,0,2,1,0,0,"bettm001","R","friem001","L","","","","8/F89XD","T","F",9,1,2,"T","T",0,"F","F",1,0,"F","F",0,0,0,0,0
"LAN202010170","ATL",1,1,1,0,1,0,0,"seagc001","L","friem001","L","","","","HR/F9D","F","F",6,2,23,"T","T",4,"F","F",0,1,"F","F",0,4,0,0,0
"LAN202010170","ATL",1,1,1,1,0,0,1,"turnj001","R","friem001","L","","","","HR/F8XD","F","F",5,3,23,"T","T",4,"F","F",0,1,"F","F",0,4,0,0,0
"LAN202010170","ATL",1,1,1,3,2,0,2,"muncm001","L","friem001","L","","","","W","F","F",3,4,14,"T","F",0,"F","F",0,0,"F","F",0,1,0,0,0
"LAN202010170","ATL",1,1,1,0,0,0,2,"smitw003","R","friem001","L","muncm001","","","S8/L89XD.1-3","F","F",10,5,20,"T","T",1,"F","F",0,0,"F","F",0,1,3,0,0
"LAN202010170","ATL",1,1,1,1,1,0,2,"bellc002","L","friem001","L","smitw003","","muncm001","S9/L9+.3-H;1-2","F","F",8,6,20,"T","T",1,"F","F",0,1,"F","F",0,1,2,0,4
"LAN202010170","ATL",1,1,1,0,1,0,3,"polla001","R","friem001","L","bellc002","smitw003","","8/F89D","F","F",7,7,2,"T","T",0,"F","F",1,0,"F","F",0,0,1,2,0
"LAN202010170","ATL",1,1,2,1,2,0,3,"herne001","R","friem001","L","bellc002","smitw003","","6/P7LS","F","F",4,8,2,"T","T",0,"F","F",1,0,"F","F",0,0,1,2,0
"LAN202010170","ATL",2,0,0,2,1,0,3,"darnt001","R","buehw001","R","","","","S4/L4","T","F",2,4,20,"T","T",1,"F","F",0,0,"F","F",0,1,0,0,0
"LAN202010170","ATL",2,0,0,1,2,0,3,"albio001","L","buehw001","R","darnt001","","","S7/G6.1-2","F","F",4,5,20,"T","T",1,"F","F",0,0,"F","F",0,1,2,0,0
"LAN202010170","ATL",2,0,0,2,1,0,3,"swand001","R","buehw001","R","albio001","darnt001","","S7/L7.2-3;1-2","F","F",6,6,20,"T","T",1,"F","F",0,0,"F","F",0,1,2,3,0
"LAN202010170","ATL",2,0,0,0,2,0,3,"rilea001","R","buehw001","R","swand001","albio001","darnt001","K","F","F",5,7,3,"T","T",0,"F","F",1,0,"F","F",0,0,1,2,3
"LAN202010170","ATL",2,0,1,2,2,0,3,"markn001","L","buehw001","R","swand001","albio001","darnt001","K","F","F",7,8,3,"T","T",0,"F","F",1,0,"F","F",0,0,1,2,3
"LAN202010170","ATL",2,0,2,0,2,0,3,"pachc001","R","buehw001","R","swand001","albio001","darnt001","63/G6","F","F",8,9,2,"T","T",0,"F","F",1,0,"F","F",0,0,1,2,3
"LAN202010170","ATL",2,1,0,2,2,0,3,"barna001","R","friem001","L","","","","K","T","F",2,9,3,"T","T",0,"F","F",1,0,"F","F",0,0,0,0,0
"LAN202010170","ATL",2,1,1,0,0,0,3,"bettm001","R","friem001","L","","","","S8/L8D","F","F",9,1,20,"T","T",1,"F","F",0,0,"F","F",0,1,0,0,0
"LAN202010170","ATL",2,1,1,0,2,0,3,"seagc001","L","friem001","L","bettm001","","","K","F","F",6,2,3,"T","T",0,"F","F",1,0,"F","F",0,0,1,0,0
"LAN202010170","ATL",2,1,2,0,0,0,3,"turnj001","R","friem001","L","bettm001","","","53/G5","F","F",5,3,2,"T","T",0,"F","F",1,0,"F","F",0,0,1,0,0
"LAN202010170","ATL",3,0,0,1,1,0,3,"acunr001","R","buehw001","R","","","","8/F89XD+","T","F",9,1,2,"T","T",0,"F","F",1,0,"F","F",0,0,0,0,0
"LAN202010170","ATL",3,0,1,2,2,0,3,"freef001","L","buehw001","R","","","","K","F","F",3,2,3,"T","T",0,"F","F",1,0,"F","F",0,0,0,0,0
"LAN202010170","ATL",3,0,2,0,2,0,3,"ozunm001","R","buehw001","R","","","","43/G4M","F","F",10,3,2,"T","T",0,"F","F",1,0,"F","F",0,0,0,0,0
"LAN202010170","ATL",3,1,0,0,1,0,3,"muncm001","L","friem001","L","","","","S9/G4+","T","F",3,4,20,"T","T",1,"F","F",0,0,"F","F",0,1,0,0,0
"LAN202010170","ATL",3,1,0,1,2,0,3,"smitw003","R","friem001","L","muncm001","","","K","F","F",10,5,3,"T","T",0,"F","F",1,0,"F","F",0,0,1,0,0
"LAN202010170","ATL",3,1,1,0,0,0,3,"bellc002","L","friem001","L","muncm001","","","7/F7D","F","F",8,6,2,"T","T",0,"F","F",1,0,"F","F",0,0,1,0,0
"LAN202010170","ATL",3,1,2,1,1,0,3,"polla001","R","friem001","L","muncm001","","","64(1)/FO/G6.B-1","F","F",7,7,2,"T","T",0,"F","F",1,0,"F","F",0,1,0,0,0
"LAN202010170","ATL",4,0,0,0,0,0,3,"darnt001","R","buehw001","R","","","","S8/L8D","T","F",2,4,20,"T","T",1,"F","F",0,0,"F","F",0,1,0,0,0
"LAN202010170","ATL",4,0,0,2,2,0,3,"albio001","L","buehw001","R","darnt001","","","K","F","F",4,5,3,"T","T",0,"F","F",1,0,"F","F",0,0,1,0,0
"LAN202010170","ATL",4,0,1,2,1,0,3,"swand001","R","buehw001","R","darnt001","","","S8/L89D.1-2","F","F",6,6,20,"T","T",1,"F","F",0,0,"F","F",0,1,2,0,0
"LAN202010170","ATL",4,0,1,0,2,0,3,"rilea001","R","buehw001","R","swand001","darnt001","","8/L8XD+","F","F",5,7,2,"T","T",0,"F","F",1,0,"F","F",0,0,1,2,0
"LAN202010170","ATL",4,0,2,1,2,0,3,"markn001","L","buehw001","R","swand001","darnt001","","13/G1+","F","F",7,8,2,"T","T",0,"F","F",1,0,"F","F",0,0,1,2,0
"LAN202010170","ATL",4,1,0,0,1,0,3,"herne001","R","friem001","L","","","","53/G56","T","F",4,8,2,"T","T",0,"F","F",1,0,"F","F",0,0,0,0,0
"LAN202010170","ATL",4,1,1,3,2,0,3,"barna001","R","friem001","L","","","","S8/L89","F","F",2,9,20,"T","T",1,"F","F",0,0,"F","F",0,1,0,0,0
"LAN202010170","ATL",4,1,1,3,1,0,3,"bettm001","R","friem001","L","barna001","","","W.1-2","F","F",9,1,14,"T","F",0,"F","F",0,0,"F","F",0,1,2,0,0
"LAN202010170","ATL",4,1,1,1,0,0,3,"seagc001","L","friem001","L","bettm001","barna001","","36(1)/FO/G34S.2-3;B-1","F","F",6,2,2,"T","T",0,"F","F",1,0,"F","F",0,1,0,3,0
"LAN202010170","ATL",4,1,2,3,2,0,3,"turnj001","R","friem001","L","seagc001","","barna001","53/G6","F","F",5,3,2,"T","T",0,"F","F",1,0,"F","F",0,0,1,0,3
"LAN202010170","ATL",5,0,0,2,1,0,3,"pachc001","R","buehw001","R","","","","8/F8D","T","F",8,9,2,"T","T",0,"F","F",1,0,"F","F",0,0,0,0,0
"LAN202010170","ATL",5,0,1,0,1,0,3,"acunr001","R","buehw001","R","","","","7/F78D","F","F",9,1,2,"T","T",0,"F","F",1,0,"F","F",0,0,0,0,0
"LAN202010170","ATL",5,0,2,0,0,0,3,"freef001","L","buehw001","R","","","","S9/L89XD+","F","F",3,2,20,"T","T",1,"F","F",0,0,"F","F",0,1,0,0,0
"LAN202010170","ATL",5,0,2,0,1,0,3,"ozunm001","R","buehw001","R","freef001","","","9/F9D+","F","F",10,3,2,"T","T",0,"F","F",1,0,"F","F",0,0,1,0,0
"LAN202010170","ATL",5,1,0,2,2,0,3,"muncm001","L","friem001","L","","","","K","T","F",3,4,3,"T","T",0,"F","F",1,0,"F","F",0,0,0,0,0
"LAN202010170","ATL",5,1,1,0,0,0,3,"smitw003","R","friem001","L","","","","9/F9L","F","F",10,5,2,"T","T",0,"F","F",1,0,"F","F",0,0,0,0,0
"LAN202010170","ATL",5,1,2,3,2,0,3,"bellc002","L","friem001","L","","","","W","F","F",8,6,14,"T","F",0,"F","F",0,0,"F","F",0,1,0,0,0
"LAN202010170","ATL",5,1,2,1,2,0,3,"polla001","R","friem001","L","bellc002","","","13/G1S-","F","F",7,7,2,"T","T",0,"F","F",1,0,"F","F",0,0,1,0,0
"LAN202010170","ATL",6,0,0,1,2,0,3,"darnt001","R","buehw001","R","","","","K","T","F",2,4,3,"T","T",0,"F","F",1,0,"F","F",0,0,0,0,0
"LAN202010170","ATL",6,0,1,1,1,0,3,"albio001","L","buehw001","R","","","","1/G23","F","F",4,5,2,"T","T",0,"F","F",1,0,"F","F",0,0,0,0,0
"LAN202010170","ATL",6,0,2,2,0,0,3,"swand001","R","buehw001","R","","","","S7/G56+","F","F",6,6,20,"T","T",1,"F","F",0,0,"F","F",0,1,0,0,0
"LAN202010170","ATL",6,0,2,0,1,0,3,"rilea001","R","buehw001","R","swand001","","","SB2.1-3(E2/TH)","F","F",5,7,4,"F","F",0,"F","F",0,0,"F","F",1,0,3,0,0
"LAN202010170","ATL",6,0,2,2,2,0,3,"rilea001","R","buehw001","R","","","swand001","K.BX1(23)","F","F",5,7,3,"T","T",0,"F","F",1,0,"F","F",0,0,0,0,3
"LAN202010170","ATL",6,1,0,0,0,0,3,"herne001","R","friem001","L","","","","53/G56","T","F",4,8,2,"T","T",0,"F","F",1,0,"F","F",0,0,0,0,0
"LAN202010170","ATL",6,1,1,3,1,0,3,"barna001","R","friem001","L","","","","S7/G56","F","F",2,9,20,"T","T",1,"F","F",0,0,"F","F",0,1,0,0,0
"LAN202010170","ATL",6,1,1,2,1,0,3,"bettm001","R","friem001","L","barna001","","","54(1)3/GDP/G56","F","F",9,1,2,"T","T",0,"F","F",2,0,"F","F",0,0,0,0,0
"LAN202010170","ATL",7,0,0,0,0,0,3,"markn001","L","treib001","R","","","","T9/G3","T","F",7,8,22,"T","T",3,"F","F",0,0,"F","F",0,3,0,0,0
"LAN202010170","ATL",7,0,0,0,1,0,3,"pachc001","R","treib001","R","","","markn001","53/G56","F","F",8,9,2,"T","T",0,"F","F",1,0,"F","F",0,0,0,0,3
"LAN202010170","ATL",7,0,1,0,0,0,3,"acunr001","R","treib001","R","","","markn001","D9/L9LD.3-H","F","F",9,1,21,"T","T",2,"F","F",0,1,"F","F",0,2,0,0,4
"LAN202010170","ATL",7,0,1,1,2,1,3,"freef001","L","treib001","R","","acunr001","","K","F","F",3,2,3,"T","T",0,"F","F",1,0,"F","F",0,0,0,2,0
"LAN202010170","ATL",7,0,2,1,2,1,3,"ozunm001","R","treib001","R","","acunr001","","9/F9","F","F",10,3,2,"T","T",0,"F","F",1,0,"F","F",0,0,0,2,0
"LAN202010170","ATL",7,1,0,0,0,1,3,"seagc001","L","friem001","L","","","","3/G3","T","F",6,2,2,"T","T",0,"F","F",1,0,"F","F",0,0,0,0,0
"LAN202010170","ATL",7,1,1,3,2,1,3,"turnj001","R","friem001","L","","","","W","F","F",5,3,14,"T","F",0,"F","F",0,0,"F","F",0,1,0,0,0
"LAN202010170","ATL",7,1,1,3,2,1,3,"muncm001","L","friem001","L","turnj001","","","K","F","F",3,4,3,"T","T",0,"F","F",1,0,"F","F",0,0,1,0,0
"LAN202010170","ATL",7,1,2,2,2,1,3,"smitw003","R","odayd001","R","turnj001","","","64(1)/FO/G6.B-1","F","F",10,5,2,"T","T",0,"F","F",1,0,"F","F",0,1,0,0,0
"LAN202010170","ATL",8,0,0,3,2,1,3,"darnt001","R","baezp001","R","","","","K","T","F",2,4,3,"T","T",0,"F","F",1,0,"F","F",0,0,0,0,0
"LAN202010170","ATL",8,0,1,1,2,1,3,"albio001","L","baezp001","R","","","","6/P5F/FL","F","F",4,5,2,"T","T",0,"F","F",1,0,"F","F",0,0,0,0,0
"LAN202010170","ATL",8,0,2,2,1,1,3,"swand001","R","baezp001","R","","","","9/F9","F","F",6,6,2,"T","T",0,"F","F",1,0,"F","F",0,0,0,0,0
"LAN202010170","ATL",8,1,0,1,2,1,3,"bellc002","L","martc007","R","","","","8/F8","T","F",8,6,2,"T","T",0,"F","F",1,0,"F","F",0,0,0,0,0
"LAN202010170","ATL",8,1,1,2,2,1,3,"pedej001","L","martc007","R","","","","S8/L89XD","F","T",11,7,20,"T","T",1,"F","F",0,0,"F","F",0,1,0,0,0
"LAN202010170","ATL",8,1,1,1,2,1,3,"herne001","R","martc007","R","pedej001","","","7/F78D","F","F",4,8,2,"T","T",0,"F","F",1,0,"F","F",0,0,1,0,0
"LAN202010170","ATL",8,1,2,3,2,1,3,"riose001","L","martc007","R","pedej001","","","W.1-2","F","T",11,9,14,"T","F",0,"F","F",0,0,"F","F",0,1,2,0,0
"LAN202010170","ATL",8,1,2,1,2,1,3,"bettm001","R","martc007","R","riose001","pedej001","","8/F89S","F","F",9,1,2,"T","T",0,"F","F",1,0,"F","F",0,0,1,2,0
"LAN202010170","ATL",9,0,0,0,0,1,3,"rilea001","R","jansk001","R","","","","7/L7","T","F",5,7,2,"T","T",0,"F","F",1,0,"F","F",0,0,0,0,0
"LAN202010170","ATL",9,0,1,0,0,1,3,"markn001","L","jansk001","R","","","","8/F8","F","F",7,8,2,"T","T",0,"F","F",1,0,"F","F",0,0,0,0,0
"LAN202010170","ATL",9,0,2,0,2,1,3,"sandp001","L","jansk001","R","","","","7/L7D","F","T",11,9,2,"T","T",0,"F","F",1,0,"F","F",0,0,0,0,0
"LAN202010180","ATL",1,0,0,3,0,0,0,"acunr001","R","may-d003","R","","","","W","T","F",9,1,14,"T","F",0,"F","F",0,0,"F","F",0,1,0,0,0
"LAN202010180","ATL",1,0,0,0,0,0,0,"freef001","L","may-d003","R","acunr001","","","SB2","F","F",3,2,4,"F","F",0,"F","F",0,0,"F","F",0,0,2,0,0
"LAN202010180","ATL",1,0,0,3,0,0,0,"freef001","L","may-d003","R","","acunr001","","W","F","F",3,2,14,"T","F",0,"F","F",0,0,"F","F",0,1,0,2,0
"LAN202010180","ATL",1,0,0,0,1,0,0,"ozunm001","R","may-d003","R","freef001","acunr001","","S7/G56+.2-H;1-2","F","F",10,3,20,"T","T",1,"F","F",0,1,"F","F",0,1,2,4,0
"LAN202010180","ATL",1,0,0,1,1,1,0,"darnt001","R","may-d003","R","ozunm001","freef001","","64(1)3/GDP/G6D.2-3","F","F",2,4,2,"T","T",0,"F","F",2,0,"F","F",0,0,0,3,0
"LAN202010180","ATL",1,0,2,2,2,1,0,"albio001","L","may-d003","R","","","freef001","K","F","F",4,5,3,"T","T",0,"F","F",1,0,"F","F",0,0,0,0,3
"LAN202010180","ATL",1,1,0,3,2,1,0,"bettm001","R","andei001","R","","","","S7/L7","T","F",9,1,20,"T","T",1,"F","F",0,0,"F","F",0,1,0,0,0
"LAN202010180","ATL",1,1,0,2,2,1,0,"seagc001","L","andei001","R","bettm001","","","31/G34.1-2","F","F",6,2,2,"T","T",0,"F","F",1,0,"F","F",0,0,2,0,0
"LAN202010180","ATL",1,1,1,1,1,1,0,"turnj001","R","andei001","R","","bettm001","","8/F89D","F","F",5,3,2,"T","T",0,"F","F",1,0,"F","F",0,0,0,2,0
"LAN202010180","ATL",1,1,2,1,2,1,0,"muncm001","L","andei001","R","","bettm001","","K","F","F",3,4,3,"T","T",0,"F","F",1,0,"F","F",0,0,0,2,0
"LAN202010180","ATL",2,0,0,1,1,1,0,"swand001","R","gonst001","R","","","","HR/F78XD","T","F",6,6,23,"T","T",4,"F","F",0,1,"F","F",0,4,0,0,0
"LAN202010180","ATL",2,0,0,1,1,2,0,"rilea001","R","gonst001","R","","","","7/F7D","F","F",5,7,2,"T","T",0,"F","F",1,0,"F","F",0,0,0,0,0
"LAN202010180","ATL",2,0,1,2,2,2,0,"markn001","L","gonst001","R","","","","K","F","F",7,8,3,"T","T",0,"F","F",1,0,"F","F",0,0,0,0,0
"LAN202010180","ATL",2,0,2,3,2,2,0,"pachc001","R","gonst001","R","","","","W","F","F",8,9,14,"T","F",0,"F","F",0,0,"F","F",0,1,0,0,0
"LAN202010180","ATL",2,0,2,2,0,2,0,"acunr001","R","gonst001","R","pachc001","","","7/F7L+","F","F",9,1,2,"T","T",0,"F","F",1,0,"F","F",0,0,1,0,0
"LAN202010180","ATL",2,1,0,2,2,2,0,"smitw003","R","andei001","R","","","","9/F9D","T","F",2,5,2,"T","T",0,"F","F",1,0,"F","F",0,0,0,0,0
"LAN202010180","ATL",2,1,1,2,2,2,0,"bellc002","L","andei001","R","","","","9/L9D+","F","F",8,6,2,"T","T",0,"F","F",1,0,"F","F",0,0,0,0,0
"LAN202010180","ATL",2,1,2,2,2,2,0,"polla001","R","andei001","R","","","","S7/L7D+","F","F",7,7,20,"T","T",1,"F","F",0,0,"F","F",0,1,0,0,0
"LAN202010180","ATL",2,1,2,1,1,2,0,"pedej001","L","andei001","R","polla001","","","S8/L78XD.1-3","F","F",10,8,20,"T","T",1,"F","F",0,0,"F","F",0,1,3,0,0
"LAN202010180","ATL",2,1,2,0,0,2,0,"taylc001","R","andei001","R","pedej001","","polla001","PB.1-2","F","F",4,9,10,"F","F",0,"F","F",0,0,"F","T",0,0,2,0,3
"LAN202010180","ATL",2,1,2,3,2,2,0,"taylc001","R","andei001","R","","pedej001","polla001","K","F","F",4,9,3,"T","T",0,"F","F",1,0,"F","F",0,0,0,2,3
"LAN202010180","ATL",3,0,0,1,0,2,0,"freef001","L","gonst001","R","","","","8/F8XD","T","F",3,2,2,"T","T",0,"F","F",1,0,"F","F",0,0,0,0,0
"LAN202010180","ATL",3,0,1,1,0,2,0,"ozunm001","R","gonst001","R","","","","7/F7LD","F","F",10,3,2,"T","T",0,"F","F",1,0,"F","F",0,0,0,0,0
"LAN202010180","ATL",3,0,2,0,0,2,0,"darnt001","R","gonst001","R","","","","9/F9D+","F","F",2,4,2,"T","T",0,"F","F",1,0,"F","F",0,0,0,0,0
"LAN202010180","ATL",3,1,0,2,0,2,0,"bettm001","R","andei001","R","","","","9/F9D","T","F",9,1,2,"T","T",0,"F","F",1,0,"F","F",0,0,0,0,0
"LAN202010180","ATL",3,1,1,0,0,2,0,"seagc001","L","andei001","R","","","","43/G4","F","F",6,2,2,"T","T",0,"F","F",1,0,"F","F",0,0,0,0,0
"LAN202010180","ATL",3,1,2,3,2,2,0,"turnj001","R","andei001","R","","","","W","F","F",5,3,14,"T","F",0,"F","F",0,0,"F","F",0,1,0,0,0
"LAN202010180","ATL",3,1,2,1,2,2,0,"muncm001","L","andei001","R","turnj001","","","D9/L9LS+.1-3","F","F",3,4,21,"T","T",2,"F","F",0,0,"F","F",0,2,3,0,0
"LAN202010180","ATL",3,1,2,0,0,2,0,"smitw003","R","andei001","R","","muncm001","turnj001","S8/G4.3-H;2-H","F","F",2,5,20,"T","T",1,"F","F",0,2,"F","F",0,1,0,4,4
"LAN202010180","ATL",3,1,2,3,1,2,2,"bellc002","L","andei001","R","smitw003","","","W.1-2","F","F",8,6,14,"T","F",0,"F","F",0,0,"F","F",0,1,2,0,0
"LAN202010180","ATL",3,1,2,2,1,2,2,"polla001","R","andei001","R","bellc002","smitw003","","8/L8XD+","F","F",7,7,2,"T","T",0,"F","F",1,0,"F","F",0,0,1,2,0
"LAN202010180","ATL",4,0,0,3,2,2,2,"albio001","L","gonst001","R","","","","W","T","F",4,5,14,"T","F",0,"F","F",0,0,"F","F",0,1,0,0,0
"LAN202010180","ATL",4,0,0,1,0,2,2,"swand001","R","gonst001","R","albio001","","","SB2","F","F",6,6,4,"F","F",0,"F","F",0,0,"F","F",0,0,2,0,0
"LAN202010180","ATL",4,0,0,3,1,2,2,"swand001","R","gonst001","R","","albio001","","W","F","F",6,6,14,"T","F",0,"F","F",0,0,"F","F",0,1,0,2,0
"LAN202010180","ATL",4,0,0,0,2,2,2,"rilea001","R","gonst001","R","swand001","albio001","","S8/L8.2-H;1-2","F","F",5,7,20,"T","T",1,"F","F",0,1,"F","F",0,1,2,4,0
"LAN202010180","ATL",4,0,0,0,2,3,2,"markn001","L","treib001","R","rilea001","swand001","","WP.2-3;1-2","F","F",7,8,9,"F","F",0,"F","F",0,0,"T","F",0,0,2,3,0
"LAN202010180","ATL",4,0,0,2,2,3,2,"markn001","L","treib001","R","","rilea001","swand001","FC5/G56/DP.3XH(525);2X3(56);B-1","F","F",7,8,19,"T","T",0,"F","F",2,0,"F","F",0,1,0,0,0
"LAN202010180","ATL",4,0,2,1,1,3,2,"pachc001","R","treib001","R","markn001","","","63/G6","F","F",8,9,2,"T","T",0,"F","F",1,0,"F","F",0,0,1,0,0
"LAN202010180","ATL",4,1,0,3,2,3,2,"pedej001","L","matzt001","L","","","","7/F7LD","T","F",10,8,2,"T","T",0,"F","F",1,0,"F","F",0,0,0,0,0
"LAN202010180","ATL",4,1,1,0,1,3,2,"taylc001","R","matzt001","L","","","","S8/L89D","F","F",4,9,20,"T","T",1,"F","F",0,0,"F","F",0,1,0,0,0
"LAN202010180","ATL",4,1,1,3,1,3,2,"bettm001","R","matzt001","L","taylc001","","","W.1-2","F","F",9,1,14,"T","F",0,"F","F",0,0,"F","F",0,1,2,0,0
"LAN202010180","ATL",4,1,1,0,0,3,2,"seagc001","L","matzt001","L","bettm001","taylc001","","9/L9D+","F","F",6,2,2,"T","T",0,"F","F",1,0,"F","F",0,0,1,2,0
"LAN202010180","ATL",4,1,2,2,0,3,2,"turnj001","R","matzt001","L","bettm001","taylc001","","WP.2-3;1-2","F","F",5,3,9,"F","F",0,"F","F",0,0,"T","F",0,0,2,3,0
"LAN202010180","ATL",4,1,2,3,2,3,2,"turnj001","R","matzt001","L","","bettm001","taylc001","W","F","F",5,3,14,"T","F",0,"F","F",0,0,"F","F",0,1,0,2,3
"LAN202010180","ATL",4,1,2,2,2,3,2,"muncm001","L","matzt001","L","turnj001","bettm001","taylc001","K","F","F",3,4,3,"T","T",0,"F","F",1,0,"F","F",0,0,1,2,3
"LAN202010180","ATL",5,0,0,2,2,3,2,"acunr001","R","treib001","R","","","","9/F9D","T","F",9,1,2,"T","T",0,"F","F",1,0,"F","F",0,0,0,0,0
"LAN202010180","ATL",5,0,1,0,0,3,2,"freef001","L","treib001","R","","","","9/F9D+","F","F",3,2,2,"T","T",0,"F","F",1,0,"F","F",0,0,0,0,0
"LAN202010180","ATL",5,0,2,2,0,3,2,"ozunm001","R","treib001","R","","","","3/L34","F","F",10,3,2,"T","T",0,"F","F",1,0,"F","F",0,0,0,0,0
"LAN202010180","ATL",5,1,0,3,2,3,2,"smitw003","R","grees005","R","","","","K","T","F",2,5,3,"T","T",0,"F","F",1,0,"F","F",0,0,0,0,0
"LAN202010180","ATL",5,1,1,3,2,3,2,"bellc002","L","grees005","R","","","","W","F","F",8,6,14,"T","F",0,"F","F",0,0,"F","F",0,1,0,0,0
"LAN202010180","ATL",5,1,1,0,0,3,2,"polla001","R","grees005","R","bellc002","","","46(1)3/GDP/G4MD+","F","F",7,7,2,"T","T",0,"F","F",2,0,"F","F",0,0,0,0,0
"LAN202010180","ATL",6,0,0,0,1,3,2,"darnt001","R","gratb002","R","","","","13/G1S","T","F",2,4,2,"T","T",0,"F","F",1,0,"F","F",0,0,0,0,0
"LAN202010180","ATL",6,0,1,3,0,3,2,"albio001","L","gratb002","R","","","","W","F","F",4,5,14,"T","F",0,"F","F",0,0,"F","F",0,1,0,0,0
"LAN202010180","ATL",6,0,1,1,2,3,2,"swand001","R","gratb002","R","albio001","","","K","F","F",6,6,3,"T","T",0,"F","F",1,0,"F","F",0,0,1,0,0
"LAN202010180","ATL",6,0,2,0,2,3,2,"rilea001","R","gratb002","R","albio001","","","K","F","F",5,7,3,"T","T",0,"F","F",1,0,"F","F",0,0,1,0,0
"LAN202010180","ATL",6,1,0,2,2,3,2,"herne001","R","minta001","L","","","","HR/F78XD","T","T",10,8,23,"T","T",4,"F","F",0,1,"F","F",0,4,0,0,0
"LAN202010180","ATL",6,1,0,3,2,3,3,"taylc001","R","minta001","L","","","","D7/L7LD+","F","F",4,9,21,"T","T",2,"F","F",0,0,"F","F",0,2,0,0,0
"LAN202010180","ATL",6,1,0,1,1,3,3,"bettm001","R","minta001","L","","taylc001","","8/F89XD.2-3","F","F",9,1,2,"T","T",0,"F","F",1,0,"F","F",0,0,0,3,0
"LAN202010180","ATL",6,1,1,1,1,3,3,"seagc001","L","minta001","L","","","taylc001","FC/G4M.3XH(42);B-1","F","F",6,2,19,"T","T",0,"F","F",1,0,"F","F",0,1,0,0,0
"LAN202010180","ATL",6,1,2,1,2,3,3,"turnj001","R","martc007","R","seagc001","","","9/F9LS","F","F",5,3,2,"T","T",0,"F","F",1,0,"F","F",0,0,1,0,0
"LAN202010180","ATL",7,0,0,1,2,3,3,"camaj001","R","uriaj001","L","","","","7/L7","T","T",11,8,2,"T","T",0,"F","F",1,0,"F","F",0,0,0,0,0
"LAN202010180","ATL",7,0,1,1,0,3,3,"pachc001","R","uriaj001","L","","","","3/P3SF/FL","F","F",8,9,2,"T","T",0,"F","F",1,0,"F","F",0,0,0,0,0
"LAN202010180","ATL",7,0,2,2,1,3,3,"acunr001","R","uriaj001","L","","","","3/P4","F","F",9,1,2,"T","T",0,"F","F",1,0,"F","F",0,0,0,0,0
"LAN202010180","ATL",7,1,0,2,2,3,3,"muncm001","L","martc007","R","","","","K","T","F",3,4,3,"T","T",0,"F","F",1,0,"F","F",0,0,0,0,0
"LAN202010180","ATL",7,1,1,0,2,3,3,"smitw003","R","martc007","R","","","","K","F","F",2,5,3,"T","T",0,"F","F",1,0,"F","F",0,0,0,0,0
"LAN202010180","ATL",7,1,2,2,2,3,3,"bellc002","L","martc007","R","","","","HR/F9D","F","F",8,6,23,"T","T",4,"F","F",0,1,"F","F",0,4,0,0,0
"LAN202010180","ATL",7,1,2,0,2,3,4,"polla001","R","martc007","R","","","","K","F","F",7,7,3,"T","T",0,"F","F",1,0,"F","F",0,0,0,0,0
"LAN202010180","ATL",8,0,0,3,2,3,4,"freef001","L","uriaj001","L","","","","8/L78XD+","T","F",3,2,2,"T","T",0,"F","F",1,0,"F","F",0,0,0,0,0
"LAN202010180","ATL",8,0,1,3,2,3,4,"ozunm001","R","uriaj001","L","","","","3/L34","F","F",10,3,2,"T","T",0,"F","F",1,0,"F","F",0,0,0,0,0
"LAN202010180","ATL",8,0,2,0,2,3,4,"darnt001","R","uriaj001","L","","","","3/G3S","F","F",2,4,2,"T","T",0,"F","F",1,0,"F","F",0,0,0,0,0
"LAN202010180","ATL",8,1,0,2,1,3,4,"herne001","R","melam001","R","","","","8/F89D","T","F",10,8,2,"T","T",0,"F","F",1,0,"F","F",0,0,0,0,0
"LAN202010180","ATL",8,1,1,2,0,3,4,"taylc001","R","melam001","R","","","","8/F8XD","F","F",4,9,2,"T","T",0,"F","F",1,0,"F","F",0,0,0,0,0
"LAN202010180","ATL",8,1,2,2,2,3,4,"bettm001","R","melam001","R","","","","D8/F89XD","F","F",9,1,21,"T","T",2,"F","F",0,0,"F","F",0,2,0,0,0
"LAN202010180","ATL",8,1,2,0,1,3,4,"seagc001","L","melam001","R","","bettm001","","63/G6MD+","F","F",6,2,2,"T","T",0,"F","F",1,0,"F","F",0,0,0,2,0
"LAN202010180","ATL",9,0,0,2,2,3,4,"albio001","R","uriaj001","L","","","","63/G6","T","F",4,5,2,"T","T",0,"F","F",1,0,"F","F",0,0,0,0,0
"LAN202010180","ATL",9,0,1,2,1,3,4,"swand001","R","uriaj001","L","","","","63/G6","F","F",6,6,2,"T","T",0,"F","F",1,0,"F","F",0,0,0,0,0
"LAN202010180","ATL",9,0,2,0,0,3,4,"rilea001","R","uriaj001","L","","","","8/F8D+","F","F",7,7,2,"T","T",0,"F","F",1,0,"F","F",0,0,0,0,0
